"Date","SMA","EMA","WMA","SAR","BBANDS_0","BBANDS_1","BBANDS_2","RSI","MACD_0","MACD_1","MOM","ROC","ROCP","ROCR","ROCR100","CCI","MFI","WILLR","AROON_0","AROON_1","AROONOSC","ATR","TRANGE","STDDEV","OBV","AD","TYPPRICE","WCLPRICE","MEDPRICE","AVGPRICE","ADD","SUB","MULT","DIV","SQRT","LN","LOG10","SIN","COS","TAN","ZLEMA","HMA","ALMA","EVWMA","Keltner_up","Keltner_mid","Keltner_dn","CMF","DPO","CMO","EMV_emv","EMV_ma","SMI_smi","SMI_signal","CLV","CHV","VHF","SNR","Donchian_high","Donchian_mid","Donchian_low","ZigZag","GMMA_0","GMMA_1","GMMA_2","GMMA_3","GMMA_4","GMMA_5","GMMA_6","GMMA_7","GMMA_8","GMMA_9","GMMA_10","GMMA_11","KST_kst","KST_signal","ADX","PLUS_DI","MINUS_DI","Tenkan","Kijun","SenkouA","SenkouB","TDI_price","TDI_signal","TDI_mbl","TDI_ub","TDI_lb"
2025-03-04,NA,NA,NA,168115.078046911,NA,NA,NA,NA,NA,NA,NA,NA,NA,NA,NA,NA,NA,NA,NA,NA,NA,NA,NA,NA,5424556,1084911.19999993,184790.39279957,184848.388349678,184674.401699355,184525.270284793,369348.80339871,3479.73300644816,34101607507.5658,1.01902173913043,430.142272974884,12.128232042693,5.26722425138379,0.98823635527035,0.152934319634194,6.46183510433843,NA,NA,NA,NA,NA,NA,NA,NA,NA,NA,NA,NA,NA,NA,0.199999999999987,NA,NA,NA,NA,NA,NA,184674.401699355,NA,NA,NA,NA,NA,NA,NA,NA,NA,NA,NA,NA,NA,NA,NA,NA,NA,NA,NA,NA,NA,NA,NA,NA,NA,NA
2025-03-05,NA,NA,NA,168481.061850024,NA,NA,NA,NA,NA,NA,NA,NA,NA,NA,NA,NA,NA,NA,NA,NA,NA,NA,8251.95675815639,NA,9586924,3859823.19999994,190258.562864125,190689.386991844,189396.914608687,189471.4803231,378793.829217374,7754.8342989384,35856156899.5394,1.04180064308682,438.157345453662,12.1651561641243,5.28326019357051,-0.762834680798643,0.64659357387066,-1.17977460900537,NA,NA,NA,NA,NA,NA,NA,NA,NA,NA,87984.3038541208,NA,NA,NA,0.666666666666669,NA,NA,NA,NA,NA,NA,187255.524216101,NA,NA,NA,NA,NA,NA,NA,NA,NA,NA,NA,NA,NA,NA,NA,NA,NA,NA,NA,NA,NA,NA,NA,NA,NA,NA
2025-03-06,NA,NA,NA,169472.79264635,NA,NA,NA,NA,NA,NA,NA,NA,NA,NA,NA,NA,NA,NA,NA,NA,NA,NA,3678.57512019231,NA,7046793,4203084.14594587,191120.204668009,191161.630063507,191037.353877014,191435.037673792,382074.707754028,3678.57512019231,36491887597.6028,1.0194429847609,437.362442660547,12.1615244791649,5.28168297283264,0.575126051486754,0.818064804829822,0.703032385810064,NA,NA,NA,NA,NA,NA,NA,NA,NA,NA,23756.5664080067,NA,NA,NA,0.135135135135129,NA,NA,NA,NA,NA,NA,189836.646732847,189430.046875,NA,NA,NA,NA,NA,NA,NA,NA,NA,NA,NA,NA,NA,NA,NA,NA,NA,NA,NA,NA,NA,NA,NA,NA,NA
2025-03-07,NA,NA,NA,170424.854210822,NA,NA,NA,NA,NA,NA,NA,NA,NA,NA,NA,NA,NA,NA,NA,NA,NA,NA,4871.62651052495,NA,7046793,6462761.49288459,189927.153277677,190266.841520758,189247.776791515,189918.868198577,378495.55358303,4871.62651052495,35808787834.3166,1.02607770090474,437.362442660547,12.1615244791649,5.28168297283264,0.575126051486754,0.818064804829822,0.703032385810064,NA,NA,NA,NA,NA,NA,NA,NA,-2465.640625,NA,-32282.394485444,NA,NA,NA,0.836734693877532,NA,NA,NA,NA,NA,NA,192417.769249593,190357.9765625,NA,NA,NA,NA,NA,NA,NA,NA,NA,NA,NA,NA,NA,NA,NA,NA,NA,NA,NA,NA,NA,NA,NA,NA,NA
2025-03-10,NA,NA,NA,171338.833312715,194903.676996993,189277.603125,183651.529253007,NA,NA,NA,NA,NA,NA,NA,NA,NA,NA,NA,NA,NA,NA,NA,5070.46321181479,3145.07090605308,4605317,4718850.06431315,187806.178269691,187557.625889769,188303.283029537,187458.204937799,376606.566059074,4175.67998270359,35453767323.8724,1.02242391884677,432.217501670166,12.1378578752618,5.27140469735213,0.298572841417532,0.95438684943154,0.31284257698581,NA,NA,NA,NA,NA,NA,NA,NA,-8619.79375000001,NA,-16153.7680308158,NA,NA,NA,-0.71428571428572,NA,NA,NA,NA,NA,NA,194998.891766339,188584.97265625,189277.603125,NA,NA,NA,NA,NA,NA,NA,NA,NA,NA,NA,NA,NA,NA,NA,NA,NA,NA,NA,NA,NA,NA,NA,NA
2025-03-11,NA,NA,NA,172216.253250533,194303.246271463,189615.6375,184928.028728537,NA,NA,NA,NA,NA,NA,NA,NA,NA,NA,NA,NA,NA,NA,NA,7655.41326377794,2620.45296622889,1083517,7142946.16820928,184956.110065562,185395.219267921,184077.891660843,183978.470709365,368155.783321685,7655.41326377794,33870018860.2411,1.04247104247104,432.102472655503,12.1373255306729,5.27117350303472,0.987463654352744,0.157846543618558,6.25584591031013,NA,NA,NA,NA,NA,NA,NA,NA,-9952.03593750001,NA,-91848.2512594574,NA,NA,NA,0.688311688311697,NA,NA,NA,NA,NA,NA,197580.014283085,187648.759765625,188422.584375,NA,NA,NA,NA,NA,NA,NA,NA,NA,NA,NA,NA,NA,NA,NA,NA,NA,NA,NA,NA,NA,NA,NA,NA
2025-03-12,NA,NA,NA,173058.576390838,198836.505305727,190768.91875,182701.332194273,NA,NA,NA,NA,NA,NA,NA,NA,NA,NA,NA,NA,NA,NA,NA,11483.11301612,4509.91798824202,5147795,10828172.3340124,194848.487974223,195573.432386917,193398.599148834,193957.841981484,386797.198297668,9594.12148457143,37380006360.9663,1.05086979441223,444.688953792423,12.1947501150478,5.29611268315432,-0.656405972940188,-0.75440784638579,0.870094307853361,NA,NA,NA,NA,NA,NA,NA,NA,-666.126562499994,NA,220024.319108944,NA,NA,NA,0.906735751295328,NA,NA,NA,NA,NA,NA,200161.136799831,192698.512695312,191531.144791667,NA,NA,NA,NA,NA,NA,NA,NA,NA,NA,NA,NA,NA,NA,NA,NA,NA,NA,NA,NA,NA,NA,NA,NA
2025-03-13,NA,NA,NA,174566.801400855,202457.712268488,192220.465625,181983.218981512,NA,NA,NA,NA,NA,NA,NA,NA,NA,NA,NA,NA,NA,NA,NA,8947.88565660993,5722.79484931776,9030828,10569303.4673457,198742.48252848,198692.77205261,198841.90348022,199388.718714791,397683.806960441,8947.88565660993,39518086415.2063,1.0460358056266,445.582361213951,12.1987642069606,5.29785598112188,0.954537221438427,0.298091752466597,3.20215911221961,NA,NA,NA,NA,NA,NA,NA,NA,-2167.37656249999,NA,125433.043580552,NA,NA,NA,-0.0666666666666619,NA,NA,NA,NA,NA,NA,202742.259316577,195621.076660156,193868.643402778,191174.05859375,NA,NA,NA,NA,NA,NA,NA,NA,NA,NA,NA,NA,NA,NA,NA,NA,NA,NA,NA,NA,NA,NA,NA
2025-03-14,NA,NA,NA,176866.724993469,208021.72568841,194626.453125,181231.18056159,NA,NA,NA,NA,NA,NA,NA,NA,NA,NA,NA,NA,NA,NA,NA,7456.57128667479,7488.1850072307,12428290,12607780.6673457,201824.529492665,202197.358056999,201078.872363998,200706.043799664,402157.744727995,7456.57128667479,40418812797.3385,1.03778337531486,450.905581857222,12.2225159294377,5.30817122312938,-0.984056272989834,-0.177857391157514,5.53283879059227,NA,NA,194548.556608484,NA,NA,NA,NA,NA,258.4921875,NA,49095.8190200747,NA,NA,NA,0.600000000000011,NA,NA,NA,NA,NA,NA,205323.381833323,199468.460205078,197017.710185185,193872.233072917,NA,NA,NA,NA,NA,NA,NA,NA,NA,NA,NA,NA,NA,NA,192528.671518144,NA,NA,NA,NA,NA,NA,NA,NA
2025-03-17,NA,NA,NA,179660.768294855,210941.051304743,198225.490625,185509.929945257,NA,NA,NA,NA,NA,NA,NA,NA,NA,NA,NA,NA,NA,NA,NA,5965.25697815532,7108.21451298237,15012969,12177000.8340124,205138.559415453,205055.70862409,205304.26099818,205304.26099818,410608.521996359,5965.25697815532,42140943511.3048,1.02948402948403,452.556246504233,12.229824114164,5.31134512742873,0.433143197821557,0.901325119022495,0.480562661219638,NA,NA,198284.775049077,NA,NA,NA,NA,NA,-258.498437500006,NA,97518.9918572982,51503.181117031,NA,NA,-0.166666666666672,NA,NA,NA,208286.889487257,194268.537258105,180250.185028954,207904.504350069,202137.808227539,199614.19220679,196302.216001157,193751.546875,NA,NA,NA,NA,NA,NA,NA,NA,NA,NA,NA,NA,NA,194268.537258105,NA,NA,NA,NA,NA,NA,NA,NA
2025-03-18,NA,NA,NA,183095.902837943,206676.527073962,201247.8875,195819.247926038,NA,NA,NA,16802.15625,9.08114829355098,0.0908114829355098,1.09081148293551,109.081148293551,NA,NA,NA,NA,NA,NA,NA,7953.67610837441,3034.70177818103,12316778,10828905.3340124,203150.143934729,202818.740763547,203812.950277094,204185.778844674,407625.900554187,7953.67610837441,41523903459.7438,1.03980099502488,449.24885225229,12.2151539417038,5.30497395248074,0.721242618077746,-0.692682528918089,-1.0412311383171,NA,NA,201005.547894483,NA,NA,NA,NA,NA,-4742.38125000001,NA,-43993.183170125,36839.0158921148,NA,NA,-0.500000000000002,NA,NA,NA,208286.889487257,194268.537258105,180250.185028954,210485.626866815,201981.16973877,200350.97188786,197529.397167567,195219.362215909,NA,NA,NA,NA,NA,NA,NA,NA,NA,NA,NA,NA,NA,194268.537258105,NA,NA,NA,NA,NA,NA,NA,NA
2025-03-19,NA,NA,NA,186118.821235861,207064.092906727,202560.246875,198056.400843273,NA,NA,NA,12328.203125,6.42154585080834,0.0642154585080834,1.06421545850808,106.421545850808,NA,NA,NA,NA,NA,NA,NA,8450.78117396592,2517.72647178337,15418778,11011375.9222477,204144.360908354,204185.786306265,204061.51011253,203315.852950122,408123.020225061,8450.78117396592,41623245983.7938,1.04228855721393,452.00670625556,12.2273940331415,5.3102897566501,-0.270712950109841,0.962660115847139,-0.281213426892225,NA,NA,202605.441886318,NA,NA,NA,NA,NA,-2982.62343750001,NA,6771.51765929396,34951.7882533689,NA,NA,0.05882352941177,NA,NA,NA,208286.900699513,194268.542864233,180250.185028954,213066.749383561,203145.616119385,201670.668758573,199036.211685885,196872.216813017,195304.171875,NA,NA,NA,NA,NA,NA,NA,NA,NA,NA,NA,NA,194268.542864233,NA,NA,NA,NA,NA,NA,NA,NA
2025-03-20,NA,NA,NA,189222.352360772,209254.587921234,204608.31875,199962.049578766,NA,NA,NA,17498.09375,9.14761264592645,0.0914761264592645,1.09147612645926,109.147612645926,NA,NA,NA,NA,NA,NA,NA,5468.15238095235,2597.34342716039,18198335,12780184.9222477,207624.088888889,207914.066666667,207044.133333333,207168.40952381,414088.266666667,5468.15238095235,42859797975.1358,1.02676399026764,456.928878492047,12.249055503702,5.31969721378445,0.0354203189536558,0.999372503626761,0.035442559030906,NA,NA,203837.130903227,NA,NA,NA,NA,NA,2008.30312500001,NA,58676.3943546313,45058.3203467106,NA,NA,0.636363636363635,NA,NA,NA,209778.20952381,195014.197276382,180250.185028954,215647.871900307,205964.808059692,204041.779172382,201202.3868668,199037.995574286,197377.991586538,NA,NA,NA,NA,NA,NA,NA,NA,NA,NA,NA,NA,195014.197276382,NA,NA,NA,NA,NA,NA,NA,NA
2025-03-21,NA,NA,NA,192511.289506858,215485.681152565,206795.58125,198105.481347435,NA,NA,NA,22966.25,12.0062426188286,0.120062426188286,1.12006242618829,112.006242618829,145.567307636118,NA,-89.5287971605043,42.8571428571429,100,57.1428571428571,NA,9444.99441705336,4857.91352834998,23930215,12398059.5889144,214417.857840294,214376.43244272,214500.708635441,213879.327671839,429001.417270882,7456.57156322504,45996653890.2369,1.03537735849057,462.873801645762,12.2749089005867,5.33092520138994,0.968995456081944,-0.247078542355553,-3.92181144847265,NA,NA,205856.173876575,NA,NA,NA,NA,NA,8997.60000000001,NA,97002.1831523704,57631.2038115091,NA,NA,-0.0666666666666677,NA,NA,NA,218228.994417053,199239.589723004,180250.185028954,218228.994417053,210108.482154846,207445.238198255,204102.335618622,201804.206606234,199974.016919379,NA,NA,NA,NA,NA,NA,NA,NA,NA,NA,NA,NA,199239.589723004,NA,NA,NA,NA,NA,NA,NA,NA
2025-03-24,NA,NA,NA,197140.476390693,216678.835674286,207889.2125,199099.589325714,75.400003520383,NA,NA,23463.34375,12.5598717828405,0.125598717828405,1.1255987178284,112.55987178284,100.03537476721,72.1319290252646,-79.0575796208462,35.7142857142857,92.8571428571429,57.1428571428571,7190.26633307895,5965.26278073288,4913.54872857749,22319175,12075851.5889144,210606.715671789,210523.864878842,210772.417257683,210523.864878842,421544.834515366,4971.04757683215,44418834048.1441,1.02386634844869,458.557861670695,12.2561729629786,5.32278828707344,0.78863310093644,-0.614864076123638,-1.28261372156967,NA,NA,208174.384893701,NA,NA,NA,NA,NA,5617.27968750001,50.800007040766,-115040.680672898,55054.2672100157,NA,NA,-0.199999999999991,NA,NA,3.51210043275079,218228.994417053,199239.589723004,180250.185028954,213423.646697833,210191.897327423,208388.596298837,205474.108258928,203344.407677828,201558.83162409,198464.102083333,NA,NA,NA,NA,NA,NA,NA,NA,NA,37.2622565949563,13.9534844042115,203415.266411801,NA,NA,NA,78.4285987833851,NA,NA,NA,NA
2025-03-25,NA,NA,NA,200936.409635438,215579.406373657,208883.421875,202187.437376343,70.1144533695612,NA,NA,20083.03125,10.7561230276855,0.107561230276855,1.10756123027686,110.756123027686,77.7947610604233,65.6600559791204,-69.8952745589863,28.5714285714286,85.7142857142857,57.1428571428571,7209.28811833207,7456.57132662259,3743.16912882027,20056519,9813195.58891437,209281.101900541,208659.720956656,210523.863788311,210275.311410757,421047.727576623,7456.57132662259,44306397110.3722,1.03605769230769,454.74781816409,12.2394860390135,5.31554124807546,-0.239355937298666,-0.970931890134358,0.2465218618636,NA,NA,209598.497576998,NA,NA,NA,NA,NA,2893.14374999999,32.042998977953,-8191.06692688071,29697.0020949241,NA,NA,-1,NA,NA,2.05481019857302,218228.994417053,203415.266411801,188601.538406549,208618.298978612,208493.737726212,207857.590240891,205767.768229166,203971.893213677,202364.484931922,199505.536588542,NA,NA,NA,NA,NA,NA,NA,NA,NA,34.3266879566701,14.4298378420511,206298.477534484,NA,NA,NA,72.0749917111901,NA,NA,NA,NA
2025-03-26,NA,NA,NA,204049.074896129,215931.257039199,210573.578125,205215.899210801,73.5389328173273,NA,NA,15012.578125,7.59176222231406,0.0759176222231406,1.07591762222314,107.591762222314,86.8731235144374,65.4603886242918,-85.6021008684734,21.4285714285714,78.5714285714286,57.1428571428571,7226.9518206191,7456.57995035048,2995.03356344175,22115059,10989504.1603429,211435.231016355,211766.634199766,210772.424649533,210523.872261974,421544.849299065,6959.46685163552,44412906447.9282,1.03357314148681,461.260060865885,12.2679240145844,5.32789170394241,-0.368245975310497,0.929728402097957,-0.3960790855475,NA,NA,210201.423652758,NA,NA,NA,NA,NA,10389.49375,41.6988571615811,8403.29104260445,16693.6962573744,NA,NA,0.571428571428567,NA,NA,2.9715069413816,218228.994417053,206298.477534484,194367.960651915,203812.951259392,210627.290738106,209492.008077261,207321.785011574,205569.884220281,203963.924750088,201162.449983724,NA,NA,NA,NA,NA,NA,NA,NA,NA,31.6421322130442,13.3013329708011,207789.790568857,NA,NA,NA,71.138983177764,NA,NA,NA,NA
2025-03-27,NA,NA,NA,205304.270229469,216529.794634153,209977.053125,203424.311615847,64.284112371897,NA,NA,7257.734375,3.65548569178706,0.0365548569178706,1.03655485691787,103.655485691787,43.5479949991602,65.7556985562934,-67.2774907447535,14.2857142857143,71.4285714285714,57.1428571428571,7243.35337061283,7456.57352053141,3663.09386336286,19827839,9118142.34216113,207292.689311594,206919.860733696,208038.346467391,207168.413118961,416076.692934783,5468.15247584542,43272478428.0116,1.02663438256659,453.653364365349,12.2346667836037,5.31344827204409,0.938459937460225,-0.345388108918287,-2.71711710168415,NA,NA,209690.489030098,NA,NA,NA,NA,NA,6740.74374999999,24.8299437912445,-65364.7501369851,3975.85523992334,NA,NA,-0.818181818181814,NA,NA,2.00397081397285,218228.994417053,207789.790568857,197350.58672066,199007.603540171,208214.332869053,208261.797051507,206983.916120113,205611.973452958,204246.609403921,201742.315610758,NA,NA,NA,NA,NA,NA,NA,NA,NA,29.1841781396783,14.3395506849976,209032.55331998,NA,NA,NA,68.1192989464698,NA,NA,NA,NA
2025-03-28,NA,NA,NA,218228.994417053,216695.208508494,206755.8125,196816.416491506,55.9438327035056,NA,NA,-5169.890625,-2.54278787606782,-0.0254278787606782,0.974572121239322,97.4572121239322,-47.9546090211539,65.1834993712887,-47.1204031521162,7.14285714285714,64.2857142857143,57.1428571428571,7301.19282089395,8053.1056745484,5556.29128257082,17154286,6826525.48501825,199736.688323194,199339.004523645,200532.055922291,200258.648310101,401064.111844581,5567.57319367785,40205355984.6039,1.02815485168426,445.135881641775,12.1967591751196,5.29698520685729,-0.546954670634495,0.837162223389894,-0.653343707292152,NA,NA,207936.628467785,NA,NA,NA,NA,NA,3728.27968750001,18.3870824646232,-156315.666915376,-24227.9957348182,NA,NA,-0.857142857142865,NA,NA,1.55234694563405,218228.994417053,207988.631871252,197748.269325452,194202.255820951,203180.142997026,204889.849076005,205019.924343421,204254.515211511,203308.046899471,201292.770300039,NA,NA,NA,NA,NA,NA,NA,NA,NA,26.7659388060827,20.9259989724464,207988.631871252,NA,NA,NA,58.8454844465451,NA,NA,NA,NA
2025-03-31,NA,NA,NA,218228.994417053,218620.93734094,202619.9,186618.86265906,48.3921480052225,NA,NA,-15211.40625,-7.4271849326554,-0.074271849326554,0.925728150673446,92.5728150673446,-169.534302741249,63.5679091715699,-3.35571030161672,0,57.1428571428571,57.1428571428571,7404.61083534934,8749.04502326951,8944.85180121385,12592571,2629747.68501822,191120.2045534,190739.09091505,191882.4318301,191435.037558993,383764.863660199,4971.04745673831,36812689816.8286,1.0262467191601,435.425940890067,12.15264945294,5.27782859791642,0.59185305939379,0.806045877159738,0.734267212530509,NA,NA,204143.999059194,NA,NA,199411.08718523,NA,0.0407809397499674,-994.21875,4.1134672722713,-94257.7338681351,-29812.9458123749,NA,NA,-0.920000000000007,-4.353627278464,NA,0.389379427104486,218228.994417053,203812.951259392,189396.90810173,189396.90810173,196387.946498513,199791.81605067,201592.330044883,201589.285173054,201198.462761091,199830.642762534,NA,NA,NA,NA,NA,NA,NA,NA,NA,24.4003969264319,27.512743452869,203812.951259392,NA,NA,NA,50.5810905715492,66.2153278206001,NA,NA,NA
2025-04-01,NA,NA,NA,217075.71096444,216542.032621762,200432.64375,184323.254878238,53.3590707991765,NA,NA,-5965.234375,-2.95565377412464,-0.0295565377412464,0.970443462258754,97.0443462258754,-122.893525087301,62.1166192544764,-22.4138784220935,0,50,50,7429.62872698229,7754.86131821063,9005.42214830947,14909824,3877499.30040284,194699.385641392,194989.363449794,194119.430024588,194144.285265308,388238.860049175,6462.36258724614,37671912580.5185,1.03385416666667,442.55993591264,12.1851518073317,5.29194419107757,-0.154894241608919,0.987931057268875,-0.156786488762811,NA,NA,199798.24888942,NA,213721.400252528,198962.353704864,184203.3071572,0.0454986216332598,10140.9546875,-2.89188547852196,62385.4772862344,-23633.6169649371,NA,NA,0.538461538461543,-7.48518618144907,NA,0.254248068027922,218228.994417053,203812.951259392,189396.90810173,194865.070377766,196123.621686757,198480.976325447,200318.322673798,200547.469118863,200377.052624769,199334.224526592,NA,NA,NA,NA,NA,NA,NA,NA,NA,25.4943514165504,25.3722895146733,203812.951259392,NA,NA,NA,49.4011177321217,61.9531194276927,NA,NA,NA
2025-04-02,NA,NA,NA,215968.558849932,207611.831379305,197231.290625,186850.749870695,54.0395843846239,NA,NA,-7555.984375,-3.69829282148059,-0.0369829282148059,0.963017071785194,96.3017071785194,-81.5415776563195,61.0927472250515,-25.5173002147941,85.7142857142857,42.8571428571429,-42.8571428571429,7218.5078021123,4473.93577880244,5802.8986924585,17674047,1903054.30040282,197748.287716334,197499.735318501,198245.392512001,197723.432476551,396490.785024002,4175.68028360282,39296876575.7796,1.02128737962494,443.569699286369,12.1897098935108,5.29392374275323,0.665509832250914,-0.746389082970377,-0.891639290331537,NA,NA,196606.639849725,NA,213315.216170784,198846.728372623,184378.240574462,-0.0326240828077524,13401.9546875,-2.73553806255729,62327.4613140017,-23227.9428583404,NA,NA,-0.714285714285722,-16.979082011869,NA,0.247913079691669,218228.994417053,203812.951259392,189396.90810173,200333.232653802,196438.849905878,197905.343591964,199526.268329621,199857.761665433,199819.671932497,199011.706226393,NA,NA,NA,NA,NA,NA,NA,NA,NA,27.3927023510087,24.2024360577946,203812.951259392,NA,NA,NA,52.4931913676662,58.805211416109,NA,NA,NA
2025-04-03,NA,NA,NA,214905.692820004,200763.964320158,194765.646875,188767.329429842,51.0957198268151,NA,NA,-15310.84375,-7.33334151563338,-0.0733334151563338,0.926666584843666,92.6666584843666,-131.920278769678,52.1479432840739,-20.4472690943428,100,35.7142857142857,-64.2857142857143,7391.74740664319,9643.86226554471,3353.16138949922,13496300,6080801.30040282,191352.176119818,191882.421152364,190291.686054728,190639.659357336,380583.372109455,6362.94039054471,36200804028.9476,1.03400637619554,439.855835757581,12.1728940544383,5.28662071663544,0.967277496221015,0.253720801875614,3.81236969562795,NA,198927.372212527,195173.167443304,NA,212842.411126211,198132.961491404,183423.511856596,0.030474064222241,11960.3203125,-15.3965805147217,-121139.360692548,-47465.8921744425,NA,NA,1,-12.0326522917865,NA,1.33157790147889,218228.994417053,202669.605138254,187110.215859455,188170.733227535,194956.003077939,196427.94781131,198181.132311927,198696.924317172,198843.284904421,198319.387479344,NA,NA,NA,NA,NA,NA,NA,NA,NA,24.7442507041817,30.9328438577825,200681.186967403,NA,NA,NA,51.3281196025054,56.0254416823543,NA,NA,NA
2025-04-04,NA,NA,NA,213237.964202371,202723.776408882,191365.45,180007.123591118,41.8665780886593,NA,NA,-33107.1875,-15.4524407499399,-0.154524407499399,0.8454755925006,84.5475592500601,-168.982589350196,40.3940565214937,-9.24573943218637,100,28.5714285714286,-71.4285714285714,8014.20713153719,16106.1835551592,6349.49749022273,4314283,3129438.69325995,182338.02013584,182039.75728938,182934.54582876,183456.505810064,365869.091657519,11135.1462678376,33434050186.973,1.0627802690583,425.611288325392,12.1070529219933,5.25802627613232,0.671583579495363,0.740928806129304,0.906407706030208,NA,194810.899901245,193359.80506055,NA,212213.276870885,196628.681362302,181044.085853719,-0.0489486789046285,676.051562500012,-31.6489081567653,-89220.9549700741,-44597.0337630176,NA,NA,-0.321428571428572,0.1323779952767,NA,2.95253006462555,214252.15807535,195809.565385096,177366.972694841,176008.233801267,188050.48591397,191333.62145754,194395.318187054,195505.659668596,196120.46703451,196172.585138176,NA,NA,NA,NA,NA,NA,NA,NA,NA,21.0787856318001,35.3118274611298,195809.565385096,NA,NA,NA,45.0255484533865,51.3442300662869,NA,NA,NA
2025-04-07,NA,NA,NA,210368.284881769,211241.109264902,186215.446875,161189.784485098,32.8893149260274,NA,NA,-46429.578125,-22.0803752818106,-0.220803752818106,0.779196247181894,77.9196247181894,-214.02457361358,37.4120972161083,0,100,21.4285714285714,-78.5714285714286,8677.4233632131,17299.234375,13989.7705714452,-3564767,-4749611.30674005,166496.959850324,165834.153481493,167822.572587985,166629.52112409,335645.145175971,7953.67642597086,28148600627.8774,1.04854368932039,404.778623910651,12.0066806200682,5.21443513927034,-0.776366521824094,0.630281701932365,-1.23177702834122,NA,188411.176373106,188244.346107394,NA,210294.28276991,193758.993599257,177223.704428603,-0.128759723395124,-14992.678125,-42.6338915726324,-152551.063027964,-60637.0333298047,NA,NA,-1,8.45781962698053,NA,4.37673665157408,214252.15807535,189048.946225175,163845.734375,163845.734375,175948.110144485,182170.992430026,187606.521784376,189749.309615215,191155.123548431,192131.728792779,NA,NA,NA,NA,NA,NA,NA,NA,NA,17.9953553870752,41.5798424718612,189048.946225175,NA,NA,NA,35.7229207418641,46.7693336238955,NA,NA,NA
2025-04-08,NA,NA,NA,205716.029831092,206878.167587518,180747.29375,154616.419912482,36.8295758949901,-8083.45976190417,NA,-38277.046875,-18.5096060670422,-0.185096060670422,0.814903939329578,81.4903939329578,-150.828503345869,38.6406953609887,-8.59234417242848,92.8571428571429,14.2857142857143,-78.5714285714286,8647.032517342,8251.9515210177,14607.6025530401,1400404,-7080201.77612778,169280.758628319,169090.201783739,169661.872317478,169711.582798673,339323.744634956,4871.62715707967,28779217730.4828,1.02913198573127,410.510086660486,12.0348010004723,5.22664766530883,-0.352011035711253,-0.935995849743732,0.376081833917993,NA,181491.823357684,181020.372282785,NA,207961.452990057,191427.733125834,174894.013261611,-0.189694416774252,-7943.71875,-39.2156453212225,18046.4731470573,-59565.5686515322,-10.7961536727488,NA,-0.469387755102037,-0.303182046161676,NA,4.1391692674011,214252.15807535,189048.946225175,163845.734375,172097.685896018,172233.320697242,177620.172036684,183364.74611007,185889.168094266,187672.570887134,189180.079099932,NA,NA,NA,NA,NA,NA,NA,NA,NA,16.9902364751191,38.6736885981831,187309.078540157,191037.364396027,189173.221468092,NA,33.3146379655189,44.0497025002794,NA,NA,NA
2025-04-09,NA,NA,NA,201529.000285483,197223.812367485,174205.39375,151186.975132515,34.7272368610991,-9369.53908820119,NA,-48716.265625,-22.897195163525,-0.22897195163525,0.77102804836475,77.102804836475,-139.122832065007,30.978999210183,-4.04929613083963,100,7.14285714285714,-92.8571428571429,8547.79661039442,7257.72982007577,12867.6871908106,-6635275,-10052302.2281826,164939.366732955,164715.669580966,165386.761036932,165958.431536458,330773.522073864,7257.72982007577,27339612065.7519,1.04486785494776,405.024169803482,12.0078934877059,5.21496188099268,-0.0345256388773358,-0.999403812410235,0.0345462349138645,NA,174492.533895427,173683.407337474,NA,205337.838417627,188905.031564607,172472.224711588,-0.264474964178199,-10469.0234375,-49.0195568193783,-38612.2972619506,-56593.0738876394,-23.2088049469551,NA,-0.369863013698629,0.560200430063285,NA,5.23402976395055,210772.422705314,186265.159416104,161757.896126894,161757.896126894,168138.949411121,173094.974066123,179071.375446721,181917.424463491,184037.495077575,186038.141478065,NA,NA,NA,NA,NA,NA,NA,NA,NA,15.9353033866438,40.950481617467,182536.869323012,189993.445271974,186265.157297493,NA,34.3748198071846,42.1389705483628,NA,NA,NA
2025-04-10,NA,NA,NA,196756.467786452,188145.169940568,171938.6,155732.030059432,47.7243750230331,-8826.93109925208,NA,-23662.1875,-11.4975847464576,-0.114975847464576,0.885024152535424,88.5024152535424,-41.5589061492905,32.2228601308947,-38.8257508851505,92.8571428571429,0,-92.8571428571429,9705.51208712779,24755.8132846616,9059.74801730358,1201709,-12822953.1372735,183299.098628548,183009.120846411,183879.054192822,184624.711346889,367758.108385644,9842.67443367906,33787287010.8449,1.055,426.777679242952,12.1125264402576,5.2604033949111,0.801486708891841,-0.598012588052899,-1.34025056479404,NA,170329.491314259,170679.822593401,NA,206457.881028579,188371.133189745,170284.38535091,-0.282158671628857,8341.41562499999,-30.9090701276139,232249.575940922,-13419.1580147174,-26.3293298762851,NA,-0.353535353535355,12.7168992853409,NA,3.30873512512449,203315.842519129,182536.869323012,161757.896126894,188800.391409662,175139.068455561,176109.711877415,179753.111458561,181957.745015583,183745.447757948,185550.772230807,NA,NA,NA,NA,NA,NA,NA,NA,25.2718704819363,27.8185180195581,33.3451343757298,181045.564390348,189993.445271974,185519.504831161,NA,40.2759531136179,41.4425126092783,NA,NA,NA
2025-04-11,NA,NA,NA,192556.639187305,187261.183574867,171660.221875,156059.260175133,46.4119591991291,-8491.56397999852,NA,-18392.875,-9.28248834251835,-0.0928248834251835,0.907175116574817,90.7175116574817,-55.0112854983245,31.5750347403176,-34.2802838446901,85.7142857142857,14.2857142857143,-71.4285714285714,9516.46794080778,7058.89403864768,8721.20271881807,-2022026,-10730353.2249928,178526.886404752,178833.434334814,177913.790544628,178087.777207636,355827.581089256,5666.99416655145,31645288160.2369,1.03236797274276,423.972968625359,12.0993393999151,5.25467633605774,-0.540696245224855,-0.841217908986574,0.642754082442489,NA,168467.6851921,171767.653929624,NA,205321.885727646,187433.585876888,169545.286026131,-0.282096976018734,4782.140625,-29.8347713185748,-104863.192217279,-14597.5422757334,-27.6269829084676,NA,0.64912280701754,10.9682063414782,0.331589053404877,3.20730701399381,200333.232653802,181045.564390348,161757.896126894,185201.353388444,177446.07329028,177324.167293277,179753.104051103,181556.896490023,183131.237045187,184826.060467581,NA,NA,NA,NA,NA,NA,NA,NA,24.4287183655946,26.3176212791102,34.5096852966916,181045.564390348,189993.445271974,185519.504831161,NA,46.5609630327347,40.4440481669538,NA,NA,NA
2025-04-14,193158.340104167,193158.340104167,190048.390524194,188860.790020056,188934.554787352,174722.3875,160510.220212648,46.070865466703,-8179.62729562607,NA,-10439.1875,-5.50602400106542,-0.0550602400106542,0.944939759989346,94.4939759989346,-39.7642283329962,36.4155064312792,-33.1439394084435,78.5714285714286,7.14285714285714,-71.4285714285714,9291.21602906941,6362.9411764706,7944.84304052934,-5488220,-11813538.8499928,179819.368872549,179653.667279412,180150.772058824,180324.758731618,360301.544117647,6362.9411764706,32444178918.2864,1.03595505617978,423.268900936509,12.0960153533767,5.25323272098853,-0.818183052276288,-0.574957818424845,1.42303143997204,193158.340104167,168111.017614313,174989.315439493,179156.5625,204338.601328532,186708.422352665,169078.243376799,-0.286925602534758,3758.1171875,-27.7999731256517,41064.5849242083,-16966.5303159585,-28.0926700594457,NA,-0.312500000000007,13.4995952083117,0.346074911338721,2.97474685106082,200333.232653802,181045.564390348,161757.896126894,181602.315367226,178301.31789514,177934.965695518,179620.539261969,181120.4721282,182519.74865362,184117.373221633,193158.340104167,NA,NA,NA,NA,NA,NA,NA,23.3718663926268,27.0296823083419,32.7921989490142,181045.564390348,189993.445271974,185519.504831161,NA,45.6973479207679,39.8337207002105,NA,NA,NA
2025-04-15,192976.069270833,192280.65687164,189170.707291667,185608.442752876,189982.768976695,176929.53125,163876.293523305,46.3539307079165,-7810.29297259205,NA,-16305.046875,-8.32487767246816,-0.0832487767246816,0.916751223275318,91.6751223275318,-31.1180920614556,35.9268784039265,-36.3083255422921,71.4285714285714,0,-71.4285714285714,8819.29816012069,2684.36586378733,7296.98172083862,-3572765,-12452023.8499928,179852.512873754,179777.947155316,180001.644310631,179678.526197398,360003.288621262,2684.36586378733,32398790499.5083,1.01502504173623,423.738421670728,12.0982326696609,5.25419568921538,-0.330207380764236,0.943908409586875,-0.349829896005227,190410.902335349,168694.123954951,177784.27454375,179163.196606573,203072.585206221,186055.478592769,169038.371979317,-0.281063142455879,2565.06875000001,-35.3813292667091,-2089.91303158261,-24124.0163543568,-27.3066809729199,NA,-0.333333333333333,-0.247721470147955,0.346785057635351,3.76521953868782,200333.232653802,181045.564390348,161757.896126894,178003.277346007,178927.78394757,178474.727130345,179605.808314865,180835.704468528,182063.518091524,183546.982818929,192280.65687164,NA,NA,NA,NA,NA,NA,NA,22.3905038462995,26.4320263740465,32.0671274488424,177615.526188447,189993.445271974,183804.48573021,NA,45.6710628311435,40.6284808463129,NA,NA,NA
2025-04-16,192343.0890625,191036.256629921,187881.441733871,182746.377157758,184814.96994026,178719.10625,172623.24255974,42.39945516298,-7955.37047052738,NA,-23761.625,-12.0768144815296,-0.120768144815296,0.879231855184704,87.9231855184704,-61.3971806648966,35.8169210398359,-27.0334748788383,64.2857142857143,0,-64.2857142857143,8693.55555049487,7058.9016253592,3407.69139824871,-6506193,-14652094.8499928,173986.662625718,173738.110250539,174483.767376078,174359.491188488,348967.534752155,3976.83800287356,30440631267.6239,1.02305475504323,415.923614531563,12.0610032489735,5.23802715724637,-0.60809210514528,-0.793866482262591,0.765987881755837,186913.856720972,168970.259787608,178343.755769108,179003.845634972,201778.208993604,184906.067548288,168033.926102973,-0.310458617008271,-3509.56406249999,-35.106364658815,-74805.6631644351,-18975.827740122,-27.9546649589355,NA,-0.749999999999998,-0.839500219097666,0.331806097949937,3.7739359557129,193473.15625,177615.526188447,161757.896126894,174404.239324789,175960.118536285,176647.302461897,178136.173828228,179409.658769704,180667.969635136,182227.666607188,191036.256629921,NA,NA,NA,NA,NA,NA,NA,22.030998439089,24.8744684411406,35.3232429391153,175279.143768278,189993.445271974,182636.294520126,NA,43.7402469376648,42.1243853275821,NA,NA,NA
2025-04-17,191766.447916667,189936.283419926,186697.156754032,180227.759434055,183011.826559361,177088.603125,171165.379690639,43.1902593925932,-7899.06478690941,NA,-19486.484375,-10.0719318135381,-0.100719318135381,0.899280681864619,89.9280681864619,-59.839358802556,35.8673333405295,-31.7010215570661,57.1428571428571,0,-57.1428571428571,8328.24118209218,3579.15439285713,3311.18256128755,-3516700,-12326933.6277706,173058.742958333,173290.7251875,172594.7785,172569.923261161,345189.557,3579.15439285713,29785754978.9221,1.0209545983702,417.117096119303,12.0667339768433,5.24051598073753,-0.848140895207886,0.529770725763482,-1.60095840325187,183802.784311554,169369.303774351,177348.944512446,178872.328038124,200164.200733009,183777.750920673,167391.301108338,-0.302958847301007,-2873.25937499999,-27.8350170265562,-22615.8175780018,-11575.2569187806,-28.663688894547,NA,0.77777777777778,-9.26023960094379,0.339584501988815,2.90088636024958,188800.391409662,175279.143768278,161757.896126894,170805.201303571,174973.395205643,175760.425599598,177214.062283066,178423.661152485,179640.077672038,181197.542265665,189936.283419926,NA,NA,NA,NA,NA,NA,NA,21.8425021194143,24.0990404267075,35.6941695875354,175279.143768278,189993.445271974,182636.294520126,NA,42.0859765978426,43.1345775984054,NA,NA,NA
2025-04-18,191189.806770833,188907.276223479,185550.074428763,178011.375837195,181572.908739097,175935.321875,170297.735010903,43.1902593925932,-7764.93281499323,-8264.53136333379,-7158.296875,-3.95169511159829,-0.0395169511159829,0.960483048884017,96.0483048884017,-49.2981860447164,39.9615921496447,-31.7010215570661,50,14.2857142857143,-35.7142857142857,7925.1072258458,2684.36579464286,3151.50686429496,-3516700,-11505171.2574002,173423.28646131,173564.132814732,173141.593754464,173315.580426339,346283.187508929,2684.36579464286,29976210032.9061,1.015625,417.117096119303,12.0667339768433,5.24051598073753,-0.848140895207886,0.529770725763482,-1.60095840325187,181363.874335809,170061.596532062,175813.711591468,178815.72262572,198627.175349536,182791.611448353,166956.04754717,-0.304708180280952,-3052.21562500001,-19.9491417013087,11246.599362165,6624.48334678929,-29.3437935372663,-25.480307758619,0.629629629629634,-28.9597125499415,0.339812107508347,1.96957311493462,188800.391409662,175279.143768278,161757.896126894,172922.282831702,174480.033540321,175169.174358065,176496.864414607,177616.935829306,178770.322934032,180296.183466832,188907.276223479,NA,NA,NA,NA,NA,NA,NA,21.6541901135384,23.5981244051772,34.8175093163937,175279.143768278,189993.445271974,182636.294520126,NA,42.5149472447363,44.4501360240254,NA,NA,NA
2025-04-21,190815.320833333,188047.283604223,184542.821774194,161757.896126894,179859.971217563,175219.4875,170579.003782437,44.6015638554267,-7444.45945733818,-8100.51698213467,11731.65625,7.16018411754884,0.0716018411754884,1.07160184117549,107.160184117549,-18.1148218522431,39.3064287768451,-35.8246894060566,42.8571428571429,7.14285714285714,-35.7142857142857,7749.61042611806,5468.15202965742,2594.10926023804,-1639227,-11948937.6028548,176008.214724306,175900.50869948,176223.62677396,175453.114442508,352447.253547919,5468.15202965742,31047291461.7129,1.03151862464183,419.019558761879,12.0758351969106,5.24446859039134,0.0603644533829437,0.998176403632033,0.0604747348898426,179810.329519789,171183.885168425,174832.856249877,178761.478976278,197736.1745742,182145.57366511,166554.972756021,-0.305221109088711,-1481.37968750001,-27.5676010889062,89764.4073231617,14593.1426996898,-28.7511121820102,-26.1344686432972,-0.236363636363634,-29.4295694130572,0.362920312825893,2.61715171921999,188800.391409662,175279.143768278,161757.896126894,175039.364359833,175028.712082661,175305.246447044,176292.536905806,177246.109428523,178279.102578797,179706.334361603,188047.283604223,190595.646875,NA,NA,NA,NA,NA,NA,20.8818650872403,26.5745658660934,33.0374902331817,175279.143768278,189993.445271974,182636.294520126,NA,43.2872722836845,43.9949545041387,NA,NA,NA
2025-04-22,190351.35625,187063.175589434,183380.130712366,161757.896126894,175841.406553783,173867.359375,171893.312196217,42.6067485565608,-7330.60721749632,-7946.535029207,4275.078125,2.53685935504497,0.0253685935504497,1.02536859355045,102.536859355045,-35.3944773338751,34.9939940143748,-34.7962249253823,35.7142857142857,0,-35.7142857142857,7430.41582389801,3280.88599503739,1103.52592063781,-3647615,-13044421.9664911,173191.29317103,173091.872222022,173390.135069045,173390.135069045,346780.27013809,2187.26087816455,30062942911.7243,1.01269474899019,415.684507018243,12.0598531518846,5.23752767642704,-0.266497951324209,0.963835484893558,-0.276497343686864,178071.57892577,172125.984658415,174348.809755981,178653.08011015,196431.944509765,181292.785046627,166153.625583488,-0.291333970129745,-4613.1328125,-31.7523191966661,-30858.5071946431,15454.6749293906,-28.1347432606531,-26.5345235667684,-0.545454545454555,-32.847405681707,0.357797972825192,3.2246470881128,188800.391409662,175279.143768278,161757.896126894,177156.445887964,173911.16072883,174468.034089696,175514.997454515,176436.563964246,177435.180547443,178842.243738277,187063.175589434,189606.644791667,NA,NA,NA,NA,NA,NA,20.290501261843,25.7247717299852,33.1438495771757,179802.796356617,189993.445271974,184898.120814295,NA,42.9917464129306,43.4303598469386,NA,NA,NA
2025-04-23,189758.1453125,186604.386035277,182709.20047043,162445.88839337,180274.498879412,175259.25625,170244.013620588,48.9318035250439,-6586.83233907324,-7674.59449118025,15907.359375,9.69697356463606,0.0969697356463606,1.09696973564636,109.696973564636,56.96241268625,41.7726736902464,-67.2794473396835,28.5714285714286,0,-28.5714285714286,7453.5899710959,7754.85388466853,2803.60586075521,209758,-10509576.8522055,179189.710140424,179380.266980318,178808.596460635,178908.01742058,357617.192921271,3479.73359806632,31969487031.744,1.01965188096575,424.207422730909,12.1004450803289,5.25515652696019,0.998170798932466,0.060457060452207,16.510409064985,177137.747220882,173461.341183036,174859.267849264,178698.47681511,196250.179076865,181092.492198417,165934.805319968,-0.267876943392284,1451.56562499999,-17.0425639688453,48879.9038986963,-4919.73307530115,-25.2926770524539,-26.2861542639055,0.657142857142849,-36.5950798796502,0.35183876024048,1.81405454317096,188800.391409662,179802.796356617,170805.201303571,179273.527416095,176931.549114415,176296.00189313,176500.98413129,177075.722788929,177822.37392476,178980.955458493,186604.386035277,189070.272164352,NA,NA,NA,NA,NA,NA,18.9565130871536,29.6750375137865,30.6490708740889,177068.721975315,189993.445271974,183531.083623644,NA,45.3784960365013,43.9038539657768,NA,NA,NA
2025-04-24,189048.9421875,186002.009315259,181903.355409946,163532.042885348,180951.442002942,175915.43125,170879.420497058,46.8468211107356,-6143.17854014836,-7368.31130097387,-4871.640625,-2.67468011242775,-0.0267468011242775,0.973253198875722,97.3253198875722,57.1840296486292,46.5754413316305,-57.3528832525648,21.4285714285714,28.5714285714286,7.14285714285715,7333.0774640967,5766.41487310713,2815.21559474969,-2952398,-12908453.8177227,178725.720750958,178361.177281969,179454.807688937,179479.662925459,358909.615377874,5766.41487310713,32195715117.5512,1.03265765765766,421.031527174629,12.0854154345582,5.248629234737,0.0397930328881011,0.999207943590105,0.0398245761989508,175994.762017116,174477.555423431,175713.093145621,178657.208293206,195843.529415734,180867.085393897,165890.64137206,-0.271490056620819,-2803.67499999999,-5.56348330035815,11784.118297922,8041.07920416561,-22.6837725870094,-25.5656779285263,-0.758620689655172,-37.7727505989746,0.348932940530932,0.52875779561639,183332.242647059,177068.721975315,170805.201303571,181390.608944226,177099.547994708,176619.85022042,176671.33140767,177110.599895487,177737.015917104,178766.779385556,186002.009315259,188414.565203832,NA,NA,NA,NA,NA,NA,17.7054458674831,29.7522965513685,28.906685089644,177068.721975315,189993.445271974,183531.083623644,NA,47.7074232439804,44.0121771077491,NA,NA,NA
2025-04-25,188382.821354167,185829.764762662,181534.534543011,165036.520664559,185024.569917462,177784.540625,170544.511332538,51.8396542040893,-5241.78731118844,-6943.00650301678,3579.140625,1.99114288463593,0.0199114288463593,1.01991142884636,101.991142884636,105.574245789162,57.1982613425899,-79.7793339612928,14.2857142857143,21.4285714285714,7.14285714285714,7277.98454449086,6561.77658961495,4047.2994142585,555412,-10653433.1034369,182735.693092462,182884.824506847,182437.430263693,182412.575027962,364874.860527386,2783.7864018438,33281478594.5371,1.01537616694124,428.173117733937,12.1190551889766,5.26323879445351,0.991176588901606,0.132547989850382,7.47786963816224,176211.575757947,175911.710955087,177364.116969798,178806.624957025,195928.847511562,181045.048031856,166161.248552149,-0.213257360525149,1898.92812500001,33.3332620590135,23669.9940003527,6108.34687929276,-18.2960711288393,-24.1117565685889,0.642857142857153,-39.6956353710706,0.341643922253715,2.6774561358131,183829.323464615,177317.262384093,170805.201303571,183507.690472356,180215.883372354,178857.306396947,178151.528594854,178241.80332358,178597.816352934,179337.459306112,185829.764762662,188132.212623064,NA,NA,NA,NA,NA,NA,16.7287685290389,29.2947548327198,27.0240032711144,177317.262384093,189993.445271974,183655.353828033,NA,49.2899446210692,45.4894818753209,NA,NA,NA
2025-04-28,187587.453645833,185514.691229587,181054.747681452,166915.800944565,186062.840120365,178858.2875,171653.734879635,49.8554106385925,-4666.17730489577,-6487.64066339258,1789.5625,0.998881913689309,0.00998881913689309,1.00998881913689,100.998881913689,65.9357253050093,50.0444129283612,-70.9558369982722,7.14285714285714,14.2857142857143,7.14285714285714,7091.89818770227,4672.77554945054,4027.46735165264,-1900298,-10419555.9605798,180813.563736264,180846.704052198,180747.283104396,181219.532606456,361494.566208791,4175.6798076923,32665221274.1564,1.02337228714524,425.377626350987,12.1059546140071,5.25754928703451,0.185979648077128,-0.982553596757504,-0.18928193707791,177062.241737273,177379.484550189,179033.274777266,178854.551973445,195629.888969132,181023.001908466,166416.1148478,-0.163401244873363,-2107.72812499999,22.1238342349399,-28739.1970758223,3147.31531882168,-15.9736260692369,-22.4841304687185,0.0952380952380926,-38.8038157858039,0.341874333951376,1.75236494110281,183829.323464615,177317.262384093,170805.201303571,185624.772000487,180581.004186177,179553.579264631,178772.55001822,178733.498173838,178959.094606329,179538.542517848,185514.691229587,187732.985532894,189128.476953125,NA,NA,NA,NA,NA,15.5678024486188,27.9011522558695,28.1676153752688,177317.262384093,188005.027101122,182661.144742608,NA,50.9210658053105,46.5364883098828,NA,NA,NA
2025-04-29,186851.738541667,185142.974255097,180549.304099462,168607.15319657,184170.942555747,180250.18125,176329.419944253,48.8486184034119,-4257.19682498102,-6041.55189571027,198.828125,0.110734290611325,0.00110734290611325,1.00110734290611,100.110734290611,42.0521739171925,56.5703191011544,-49.7237137739396,0,7.14285714285714,7.14285714285714,6855.1908965117,3777.9961110343,2191.77220080012,-3766684,-10616017.6447904,179885.639392054,179852.49907529,179951.920025581,180150.761926162,359903.840051162,3777.9961110343,32379125207.2393,1.02121719709659,423.972968625359,12.0993393999151,5.25467633605774,-0.540696245224855,-0.841217908986574,0.642754082442489,178111.388943739,178612.621019345,180181.995033278,178869.966248404,195169.023987544,180914.681668808,166660.339350071,-0.182515874211836,-4692.66562499999,29.6992159135691,-16099.9847760471,9670.16847308701,-14.0209106872447,-20.7914865124238,-0.105263157894744,-32.4759407331782,0.34965491475375,2.29147521012046,183829.323464615,177317.262384093,170805.201303571,187741.853528618,180167.041155588,179620.078884754,178990.44515306,178918.876346777,179081.245916894,179565.359468742,185142.974255097,187289.657343566,188671.140424924,NA,NA,NA,NA,NA,14.5717278739371,26.7914252379302,27.6752884105394,177317.262384093,188005.027101122,182661.144742608,NA,49.2970207661116,47.4272171671424,NA,NA,NA
2025-04-30,185923.808854167,184583.56764993,179879.654637097,170129.370223374,184532.42966877,179554.228125,174576.02658123,46.0920152218388,-4149.98017462069,-5663.23755149235,3479.71875,2.01148586955158,0.0201148586955158,1.02011485869552,102.011485869552,-13.7258668092424,43.4847628305121,-43.5113438077159,35.7142857142857,0,-35.7142857142857,6656.6968171331,4076.27378521126,2782.89926439084,-6121157,-11828927.9781237,177035.557212441,176894.710878081,177317.249881162,177292.394645687,354634.499762324,3280.89108274647,31438716043.8442,1.01867572156197,420.085910112444,12.0809184764942,5.24667623066449,0.490144129573109,-0.87164140117655,-0.562323139896186,178663.092177208,179330.687631223,180170.244826521,178817.715696221,194494.493825712,180545.241244392,166595.988663071,-0.173822837724102,-9981.875,-14.8825465970786,-36713.3782498335,8103.77284288349,-13.3451245598618,-19.3022141219114,-0.515151515151517,-30.590359653548,0.344537543223101,0.851325481793636,183829.323464615,177317.262384093,170805.201303571,189858.935056749,178319.606515294,178570.776548169,178430.828869047,178474.020988272,178679.849910449,179178.711019524,184583.56764993,186688.685928646,188076.068788342,NA,NA,NA,NA,NA,13.9793021082154,25.6079599470347,29.0385399695149,177814.367160879,188005.027101122,182909.697131001,NA,47.254093794021,47.6698658842647,NA,NA,NA
2025-05-02,185128.441145833,184605.464495096,179815.084307796,171499.365547498,186940.326160484,181085.3125,175230.298839516,53.388353164678,-3344.54766166466,-5199.49957352682,10936.296875,6.28570956449879,0.0628570956449879,1.06285709564499,106.285709564499,104.582805929162,53.1977338276088,-98.6111103750611,28.5714285714286,100,71.4285714285714,6799.049814258,8649.63877688171,3273.05213850797,-2234283,-8141380.84991855,182470.585293459,183083.681157594,181244.393565188,181443.23546707,362488.787130376,7754.83417338706,32834495835.5486,1.04372197309417,430.026707019459,12.127694632213,5.26699085697778,0.564327365340966,-0.825551103643696,-0.683576537963817,179830.251048839,180408.018223755,180189.071613044,179035.116518457,194845.361174246,180728.607344303,166611.85351436,-0.180693211317996,-3678.57187499999,11.7117008695825,78351.775860724,15559.9035649456,-10.1797542566303,-17.4777221488551,0.948717948717952,-12.6765618232057,0.334011941164797,0.760384284015458,185121.810651882,178460.610754512,171799.410857143,191976.01658488,181621.287632647,180688.17394878,179873.52662037,179646.55694495,179640.329731918,179896.743235833,184605.464495096,186590.590529832,187922.259030374,NA,NA,NA,NA,NA,13.4154390473778,29.7941235303937,26.3760455830971,178709.157640922,186265.159416104,182487.158528513,NA,49.723595136469,49.3506025167248,NA,NA,NA
2025-05-07,184309.875,184933.832713154,180109.712096774,173134.058960024,191472.073958262,182357.903125,173243.732291738,56.933221971644,-2294.70772089661,-4618.54120300078,15708.5,9.0285651370386,0.090285651370386,1.09028565137039,109.028565137039,189.803309653561,53.8716359679692,-96.4466987194595,21.4285714285714,100,78.5714285714286,6711.08719743394,5567.57317872116,5094.97638543014,1595814,-5268808.0999185,188303.27858032,188651.25190399,187607.33193298,187880.739544435,375214.663865959,5567.57317872116,35188761527.2361,1.03012372243141,435.540092155705,12.1531737042286,5.2780562773582,-0.457991117136503,0.888956768703663,-0.515200663587248,181031.151686817,182200.29808171,181381.349988214,179415.796116327,195417.678061194,181450.004604876,167482.331148558,-0.114484473464511,-745.657812499994,21.8106495519813,92494.0673679307,15863.1991254755,-5.28314699369255,-15.0388071178226,0.750000000000012,-0.629148941933344,0.331089909213187,1.57032818453462,190391.11852234,181343.811576151,172296.504629963,194093.098113011,185658.229753824,183690.506590853,182056.114454732,181473.577841323,181187.228523161,181121.546815729,184933.832713154,186763.06727123,188008.742583771,NA,NA,NA,NA,NA,13.5407425551654,33.6694367846473,24.7998311687799,181343.811576151,182536.869323012,181940.340449582,NA,55.5902136183794,50.587499479087,NA,NA,NA
2025-05-08,183607.300520833,185208.94532037,180425.080040323,175550.047298749,194401.024592404,184008.29375,173615.562907596,56.4516222670464,-1485.68723772059,-3991.97040994474,13620.6875,7.75765458839242,0.0775765458839242,1.07757654588392,107.757654588392,182.727957865574,57.8013119388983,-76.4462810627545,14.2857142857143,100,85.7142857142857,6700.42261592854,6561.7830563584,5809.71315886852,-3529516,-8996320.82719125,190788.81341139,190391.129589792,191584.181054585,191807.878204233,383168.36210917,6561.7830563584,36693734181.1363,1.03484688489968,434.969054215355,12.1505497776466,5.27691672052272,-0.931255965510731,0.364365649726584,-2.55582809798217,182186.647444926,184292.305941558,183829.268609064,179868.433380259,196264.883056539,182339.414967401,168413.946878263,-0.0601488294650902,-3599.02812500001,19.9178379704107,50914.2263695096,24949.0584103813,-1.00155185879065,-12.2313560660162,-0.727272727272731,3.49377955486083,0.294898452836923,1.43928654620595,194865.072582764,183580.788606363,172296.504629963,196210.179641141,187428.153939412,185526.363768902,183643.217492569,182878.032438355,182419.666923444,182131.113229388,185208.94532037,186898.345651995,188066.758951635,188559.567708333,NA,NA,-55.3236356691137,NA,14.1494793777689,36.1026054358337,23.05141873199,185270.938461276,181045.564390348,183158.251425812,NA,57.227490526391,52.0706217402707,NA,NA,NA
2025-05-09,183014.0890625,185453.480098088,180772.946740591,178640.451344191,195846.135120751,185857.525,175868.914879249,56.2466592486888,-850.770551611495,-3363.73043827809,16205.625,9.37860205514327,0.0937860205514327,1.09378602055143,109.378602055143,123.671615441405,58.0422202767431,-75.6198271399858,7.14285714285714,92.8571428571429,85.7142857142857,6647.91080521313,5965.25726591272,5583.80280768556,-6069338,-8742338.62719124,188800.392466136,188850.102943352,188700.971511704,189322.352476904,377401.943023409,5965.25726591272,35599160575.8989,1.0321199143469,434.740421832385,12.1494982431076,5.2764600448749,0.852283321623181,0.523080433282452,1.629354239605,183248.351642028,186386.957374865,186475.123704022,180077.274061565,196780.466569029,182954.746157757,169129.025746485,-0.0243793681027756,-5975.19375000001,38.061456586338,-67717.6852347014,11993.7707288927,2.61386237424753,-9.26231237796348,0.100000000000004,18.5575461155114,0.253117860134595,2.40779121727203,194865.072582764,185270.938461276,175676.804339789,198327.261169272,188213.694157206,186683.987304268,184833.443466443,183990.978245018,183431.908069837,182989.62837259,185453.480098088,187015.061692162,188112.245557653,188578.683650362,NA,NA,-43.9162090768382,NA,14.2951115572813,33.7716225572225,24.3609327328333,185270.938461276,181045.564390348,183158.251425812,NA,56.8507507950084,52.7477298144982,NA,NA,NA
2025-05-12,182384.422395833,185996.535817566,181473.382526882,181236.390742363,195015.363473083,189337.259375,183659.155276917,60.0716118348249,44.985099062178,-2681.98733081004,13918.90625,7.73479099106671,0.0773479099106671,1.07734790991067,107.734790991067,151.648094094658,64.0439255280629,-95.6895716039237,0,85.7142857142857,85.7142857142857,6535.23512384259,5070.45126602563,3174.15668665867,-4444454,-7499780.27425005,193440.019652778,193547.725677083,193224.607604167,193199.752367788,386449.215208333,1690.15607371792,37335034826.8958,1.00878552971576,440.307669419918,12.174947462467,5.2875125004114,-0.0195030836589097,-0.999809796775263,0.0195067939140164,185068.995790123,188630.99244724,188746.039468734,180279.902932989,197594.823150784,183953.343633473,170311.864116162,0.0413248658091965,-2694.32187499999,43.2899986699228,47053.5190017552,15912.5930293186,7.70629262942283,-5.86859137648622,0.764705882352951,8.23165065603462,0.247939998099954,3.04261002063358,194865.072582764,185270.938461276,175676.804339789,200444.342697403,191042.268953603,189079.606119512,186841.754640567,185787.317427742,185037.898174478,184349.780294766,185996.535817566,187395.938473153,188393.152786548,188808.777567738,NA,NA,-29.6984970301249,NA,14.7036811177722,34.5130905422968,23.0014967715783,185270.938461276,181045.564390348,183158.251425812,NA,58.7962772478258,54.3206821524179,50.9740084335967,69.2388682115552,32.7091486556381
2025-05-13,182102.729166667,186729.05467611,182438.940961021,183416.979836827,198403.924214407,191822.78125,185241.638285593,62.5874921515041,1023.86095672316,-1940.8176733034,20083.03125,11.3292204941277,0.113292204941277,1.11329220494128,111.329220494128,161.565891011498,66.1309366841091,-89.3617002543732,0,100,100,6530.0299549796,6462.3627597607,3678.97075951484,-1059445,-8950498.41710716,197947.103801952,197797.972382714,198245.366640428,198295.077113508,396490.733280856,4175.679738665,39296866319.0778,1.02128737962494,444.241576312934,12.1927370105268,5.29523840296933,0.904745074009867,-0.425953461137342,-2.12404677166867,187400.776303663,191195.712952516,190901.232324214,180797.18066786,198891.724514559,185286.082697138,171680.440879716,0.0675641345135789,-178.971874999988,47.2836614931403,61935.0843097802,20164.2697303661,13.2247005766858,-2.0499329858518,-0.428571428571421,-0.00921352628309169,0.26246076968468,3.57791716287357,200333.206509761,188005.005424775,175676.804339789,202561.424225534,194196.423539301,191836.596788008,189177.048748218,187889.728463607,186932.156628404,185974.880023545,186729.05467611,187948.974009367,188830.100364034,189180.160200662,NA,NA,-15.7910611162055,NA,15.7361985070868,38.9532280302666,21.3650630371153,188005.005424775,181045.551318327,184525.278371551,NA,62.1970446094263,56.4334509125881,50.432328971272,66.8957438669813,33.9689140755628
2025-05-14,182324.769270833,187895.38380991,183903.742708333,186461.900637955,206593.613307115,194845.178125,183096.742942885,67.336941015282,2373.94530011315,-1077.86507862009,21474.9375,11.7136734865377,0.117136734865377,1.11713673486538,111.713673486538,175.131454134007,67.618483787104,-97.0326410460103,7.14285714285714,100,92.8571428571429,6667.22693114957,8450.7876213592,6567.57492411486,2274066,-7839328.08377379,204475.753084547,204558.60387591,204310.05150182,204807.15625,408620.103003641,2982.62848907764,41740373126.5005,1.01470588235294,452.556246504233,12.229824114164,5.31134512742873,0.433143197821557,0.901325119022495,0.480562661219638,190512.18690504,194589.135006088,194028.920580337,181509.457259461,200884.108841768,187113.670353081,173343.231864395,0.0503443488902174,6621.42812500001,52.8776806583306,54263.2133053296,29386.7597727163,19.641027141298,2.28825903957817,0.333333333333346,0.845658739219024,0.31790101711358,4.38409640572414,205801.365746359,190739.085043074,175676.804339789,204678.505753665,199501.789894651,196160.116608672,192650.405970837,190965.624424769,189682.156570188,188328.914551852,187895.38380991,188885.539689402,189609.468943837,189859.594811503,NA,NA,-2.20363290001963,NA,17.1860409878069,41.2984659251069,19.4193957539297,190739.085043074,183779.630936627,187259.35798985,NA,66.043304765812,59.6890281443582,50.2454617266806,66.0602587447572,34.430664708604
2025-05-15,182649.544791667,188633.68263669,185001.436021505,190329.793659636,207466.543653376,196873.365625,186280.187596624,61.2011473730182,2968.44523097292,-268.603016701485,18392.890625,10.1648436102182,0.101648436102182,1.10164843610218,110.164843610218,124.402182748753,65.2305300203837,-76.0383570569208,0,100,100,6794.6236654271,8450.78121103492,5921.76654230125,-904891,-10270295.2014208,201493.136325852,200954.606150639,202570.196676278,202694.472870558,405140.393352556,8450.78121103492,41016830655.6968,1.04260651629073,446.473980904823,12.2027622503383,5.29959230929923,-0.969069143460143,0.246789374150156,-3.92670530000422,192665.981298263,197729.448154085,197125.479133676,182020.147654174,202410.137988225,188483.143302869,174556.148617514,0.0270091631414945,169.020312500012,45.797601679536,-46251.4355168114,26036.5985792981,23.5291396599668,6.53643516365589,-0.76470588235294,19.096209586211,0.307004275641258,3.90682509541629,206795.587281796,191236.195810792,175676.804339789,206795.587281796,199420.402759825,197219.749614115,194136.763671762,192488.059188447,191167.827194006,189705.177185996,188633.68263669,189466.288352491,190084.080977064,190271.743542525,189390.9475,NA,6.81164347691572,NA,17.7668858681063,37.6099512003242,22.4133342366285,191236.195810792,184276.741704345,187756.468757568,NA,65.1753573659583,60.8482401210136,50.0264681274348,65.2727767930511,34.7801594618186
2025-05-16,182898.096354167,189580.918837548,186334.74563172,193952.268256511,207675.44289745,199736.6875,191797.93210255,63.7856661554736,3717.63294482633,528.644175604077,23562.765625,13.108407305612,0.13108407305612,1.13108407305612,113.108407305612,120.234655753056,64.378380693282,-88.8178675294584,35.7142857142857,92.8571428571429,57.1428571428571,6753.13622582533,6213.79951100243,4437.89918136058,1514616,-11200874.8168054,203730.097710371,203626.534220278,203937.224690556,203999.362784612,407874.449381112,3231.18089089243,41587781481.999,1.01597051597052,450.905581857222,12.2225159294377,5.30817122312938,-0.984056272989834,-0.177857391157514,5.53283879059227,195232.446214504,200754.527688718,199765.452893482,182483.969533742,203787.25910101,189935.234198822,176083.209296634,0.0217055733322601,3350.47968749999,42.649701367378,18256.2596307855,32144.3361215891,27.9153725666303,10.8122226442508,-0.384615384615375,13.5300108156089,0.305411314216586,3.45971197214293,206795.587281796,191236.195810792,175676.804339789,201575.989850621,201368.123254913,199251.780992743,196176.559244704,194456.747290548,193036.752818005,191406.510506496,189580.918837548,190235.708096797,190729.532819647,190838.878334154,189937.021862745,NA,19.3600057381169,NA,18.3062418283844,35.1257419731959,20.9328906320949,192081.281880145,184276.741704345,188179.011792245,NA,63.1773741321338,61.8567882911452,49.77713178282,64.1915854021885,35.3626781634515
2025-05-19,182947.806770833,190139.917017384,187324.893649194,196356.392419446,206460.925586799,200611.596875,194762.268163201,58.4404080180829,3857.75659733455,1194.46665995017,21773.21875,12.3380465705508,0.123380465705508,1.12338046570551,112.338046570551,67.8449521144976,64.9530917330417,-72.5240004638686,28.5714285714286,85.7142857142857,57.1428571428571,6767.87301902025,6959.45133055415,3269.87415558076,-968057,-11968246.4713509,198808.776054727,198667.929697295,199090.46876959,199562.718320979,398180.93753918,5468.15270028834,39629539581.4067,1.02784810126582,445.247561054522,12.1972608889115,5.29720309838864,-0.994864354320491,-0.101217174938215,9.82900732931712,196837.966317601,202794.669773404,200791.776606681,182837.111643325,204635.702213328,190780.333423194,176924.964633059,0.0469277459439028,-2117.65937499999,36.6957226196932,-106751.07626687,11577.3525518564,30.2393302155725,14.6976441585151,-0.309090909090911,21.4820746240159,0.322883916013978,3.09962135681985,206795.587281796,192081.281880145,177366.976478495,196356.392419446,199806.756939956,198916.317536829,196636.299551436,195145.591533176,193838.081711389,192261.370521309,190139.917017384,190680.690459475,191096.160029664,191160.900607669,190262.840245579,NA,30.8677264947993,NA,17.8350810520781,32.5338145523049,25.7131054817789,195809.566312707,184276.741704345,190043.154008526,189993.445271974,61.6341298042555,62.1072799146892,49.6449875896575,63.7866369137959,35.5033382655192
2025-05-20,183193.046354167,190829.621967875,188478.605712366,196356.392419446,206186.907426533,201307.55,196428.192573467,60.2683917075818,4129.78413451521,1781.53015486318,15907.375,8.60216289384008,0.0860216289384008,1.0860216289384,108.60216289384,85.3338752956951,64.6470677821198,-80.8306930782573,21.4285714285714,100,78.5714285714286,6895.18286481513,8550.21086014851,2727.64372306136,1852489,-14354862.3175047,202653.061391295,202197.381980972,203564.420211943,202321.658183787,407128.840423886,6462.36254641091,41428032643.8042,1.03225806451613,448.140986465197,12.2102157696759,5.30282933161832,0.77818874586221,0.628030473634361,1.23909392701742,198529.126252755,204098.362182089,200868.488577462,183300.803249292,205928.690856798,191911.069420156,177893.447983513,-0.0355638881635997,268.451562500006,32.5926822751897,102506.026264146,12689.7924292137,32.7648931514432,18.3110939571007,-0.84615384615384,9.9673639050933,0.363474985854904,2.53773182569091,206795.601485149,195809.573414384,184823.545343619,206795.601485149,200318.550344978,199554.326274553,197568.309373339,196179.182845325,194913.814332713,193332.492174895,190829.621967875,191244.560086726,191570.998259924,191581.311179075,190677.252147713,NA,42.9542903011195,-5.21548553126116,17.9575661187241,34.811351959955,23.4260202461602,196256.972181948,188800.40139436,192528.686788154,189993.445271974,59.698407265709,62.670404425631,49.827303713359,64.2314292452263,35.4231781814918
2025-05-21,183799.514583333,191378.615107045,189520.281149194,198742.489892456,203724.811496892,200213.921875,196703.032253108,58.6651951183337,4176.88170912099,2260.60046571474,9643.84375,5.08386357685204,0.0508386357685204,1.05083863576852,105.083863576852,60.1611475692923,65.4589081484716,-76.0383223512211,14.2857142857143,92.8571428571429,78.5714285714286,6764.8461406584,5070.46872662092,1962.6469640123,130729,-15671502.3175047,200631.488045511,200308.369940383,201277.724255767,201302.579494623,402555.448511534,5070.46872662092,40506294868.3036,1.02551275637819,446.473980904823,12.2027622503383,5.29959230929923,-0.969069143460143,0.246789374150156,-3.92670530000422,199809.708329191,204696.935309794,200436.948151841,183571.5572608,206565.372717186,192741.585479713,178917.798242241,-0.072535211124752,-2404.28593750001,34.8399586707515,-67341.6755708227,-449.752230823244,34.6369580653945,21.5762667787595,-0.764705882352952,6.01058026407917,0.374087385831367,2.71889267583695,206795.601485149,196256.972181948,185718.342878748,201078.88852111,199828.782984989,199482.556058035,197961.799651486,196753.697896175,195594.614531527,194083.307606159,191378.615107045,191694.252061075,191949.925936269,191918.602676724,191016.929146822,NA,51.1916602019439,6.61954734330078,17.8177508014237,32.9401960927531,23.8531711859573,196256.972181948,188800.40139436,192528.686788154,189993.445271974,59.8042448745222,62.3952706651739,50.1875260780677,64.7737670189553,35.6012851371801
2025-05-22,184863.31875,191661.276027558,190291.916297043,206795.601485149,204551.332937545,199498.090625,194444.848312455,54.8912755978592,3880.66498883639,2584.61337033907,6561.78125,3.46820713774099,0.0346820713774099,1.03468207137741,103.468207137741,22.4083741734286,64.9926660103672,-64.5367330279535,7.14285714285714,85.7142857142857,78.5714285714286,6636.71768233269,4971.04772409852,2824.84832940731,-1857858,-17341915.3975048,197151.752737748,196803.779397061,197847.699419121,197549.436555675,395695.398838243,4971.04772409852,39137534336.5702,1.02544529262087,442.447578109543,12.1846439797622,5.2917236443664,0.806344093547778,0.59144670326295,1.36334193613602,200427.181783759,204358.002226055,199596.765985576,183823.772119796,206791.304057058,193161.60140905,179531.898761041,-0.0937096710681432,-6020.1640625,29.0090252339561,-85743.3803892302,-2452.60724799311,34.6823695641899,24.1974873358456,-0.840000000000004,-1.00009440708574,0.296228102059447,2.41185206545864,206795.601485149,196256.972181948,185718.342878748,195362.175557072,197794.321179995,198241.65716369,197472.479590045,196572.999983234,195620.036815138,194292.876577264,191661.276027558,191920.119134071,192135.776347915,192085.613837518,191202.926410672,NA,58.2656202663255,17.9730839369856,17.1607349233371,31.1711991095693,26.2240032774727,199587.565526228,188800.40139436,194193.983460294,189993.445271974,56.8723570655663,61.1490651273853,50.2667883800322,64.8990966224718,35.6344801375926
2025-05-23,185874.097916667,192124.542493522,191193.760651882,206795.601485149,201922.482300204,198603.303125,195284.123949796,57.4307916023028,3850.22354856972,2837.7354059852,9842.671875,5.20778399317259,0.0520778399317259,1.05207783993173,105.207783993173,30.6406701357812,69.841932276956,-72.972929474788,0,78.5714285714286,78.5714285714286,6489.33507444286,4573.361171875,1855.47756631458,-319157,-17451822.6117905,198908.186885417,198891.616726562,198941.327203125,198866.761488281,397882.65440625,2783.78668749999,39575714302.2605,1.0140915953699,445.916927521259,12.2002653470164,5.29850791796469,-0.883098813099777,-0.469187048309909,1.88218923834502,201517.957858194,203767.825516775,198847.035489829,184073.128790083,207114.448896738,193708.895263942,180303.341631146,-0.0772142226303149,-3780.68437500001,40.6872130513925,19785.692387211,-5482.36576072025,34.4078695331955,26.2395637753156,-0.0714285714285782,-11.7158853107678,0.344017022979948,3.44715354013686,206795.601485149,199587.565526228,192379.529567308,199018.364937108,198318.113714997,198441.74019246,197776.79662559,196985.528395374,196115.709035886,194861.505286356,192124.542493522,192304.662862733,192462.904635821,192379.365681539,191502.494247509,NA,67.142266796709,28.7331688066339,16.5506487508281,29.5964451331296,24.8991792534046,201078.88852111,188800.40139436,194939.644957735,189993.445271974,56.1969663265484,59.5820311110986,50.4053951932961,65.1584350796127,35.6523553069795
2025-05-26,187133.4296875,192750.348219746,192222.820866935,206338.264448025,203462.303730051,199319.13125,195175.958769949,59.7900116640382,4020.42642530013,3074.27360984819,7953.6875,4.10257021950986,0.0410257021950986,1.0410257021951,104.10257021951,36.3512816659811,68.1364140347336,-77.375489107036,0,71.4285714285714,71.4285714285714,6494.50991122615,6561.7827894089,2316.10382697519,1140840,-16213037.2784571,199968.673491379,200432.637931034,199040.744612069,199686.980795874,398081.489224138,6561.7827894089,39606453767.383,1.03351955307263,449.24885225229,12.2151539417038,5.30497395248074,0.721242618077746,-0.692682528918089,-1.0412311383171,203067.537189923,203286.515760281,198677.828600392,184374.151536339,207696.518849033,194305.064618936,180913.610388839,-0.104300830777868,-2378.13906250001,34.1365753349436,4468.19714681555,-11867.5754454941,35.0523686159332,28.0021247434391,0.848484848484852,8.14473996166196,0.341825869038993,2.60243847973573,206795.601485149,201078.88852111,195362.175557072,202674.554317144,200071.322482499,199569.33721164,198676.293208793,197865.347096215,196993.989376519,195731.883531811,192750.348219746,192833.544439804,192919.569348708,192790.025054081,191907.280012312,NA,75.0677396843079,38.828591117802,16.2556751162659,29.6476036901008,23.096276862888,201078.88852111,188800.40139436,194939.644957735,189993.445271974,58.8553737474676,59.3433555221023,50.7095680356183,65.6985960319895,35.720540039247
2025-05-27,187773.038020833,193303.708818472,193138.563306452,205899.220892387,203722.730115533,199418.55,195114.369884467,59.2011311074075,4068.30522985759,3273.07993385007,3976.859375,2.01512425896269,0.0201512425896269,1.02015124258963,102.015124258963,43.363415258799,66.1400122814798,-74.0565692756268,0,64.2857142857143,64.2857142857143,6279.16873811387,3479.73348765433,2406.1098314339,-284076,-15602358.9927429,200830.332716049,200954.608912037,200581.780324074,200457.504128086,401163.560648148,3479.73348765433,40230023461.6888,1.0175,448.69526128543,12.2126879038797,5.30390296586153,0.999071725437912,-0.0430776906358,-23.1923232348864,204286.231867186,202865.689762581,199236.170246878,184677.310113572,207996.37359078,194926.518723423,181856.663856066,-0.0508806722192923,-5301.64687500001,25.7143449269205,37633.0504586628,-13715.371317346,35.7838769905013,29.5584751928515,0.428571428571426,4.01059505144401,0.342189130472542,1.85251680758209,206795.601485149,201078.88852111,195362.175557072,206330.74369718,200699.379991249,200155.370641093,199265.436384616,198494.818078721,197660.673703208,196431.327777835,193303.708818472,193305.427387592,193329.709258527,193161.216899556,192276.697953006,NA,80.6929568590146,48.0393233132503,15.9817725860402,28.4703138281592,22.1791267140724,201078.88852111,188800.40139436,194939.644957735,189993.445271974,59.8093897701716,58.6197498648237,51.2750329178129,66.1530441830312,36.3970216525945
2025-05-28,188674.4546875,194174.151999539,194365.823958333,195362.175557072,208201.04136,200909.8625,193618.68364,63.4640321305867,4495.65961115065,3517.59586931019,1988.421875,0.970875193722631,0.00970875193722631,1.00970875193723,100.970875193723,141.075601302883,64.4791948310598,-93.3920686193875,7.14285714285714,100,92.8571428571429,6327.76060612892,6959.45489032453,4075.89289176754,2877112,-15150760.7070286,206629.876539964,206671.301936223,206547.025747446,206298.473369892,413094.051494892,3479.73328575722,42658646709.1811,1.01699029126214,454.74781816409,12.2394860390135,5.31554124807546,-0.239355937298666,-0.970931890134358,0.2465218618636,205705.319226561,203106.158414502,200818.334945272,185555.461066087,209153.431842782,196041.12422976,182928.816616738,-0.0855022673388255,-3066.0390625,35.0495225753606,65663.4880855486,-1280.37980597263,37.4397987264183,31.1347398995649,0.142857142857138,5.61781019643584,0.344758118496454,2.78099964511228,208286.892390325,201824.533973698,195362.175557072,209986.933077216,203747.479058125,202368.773135729,200938.801215813,200004.047178045,199066.043614253,197726.859071231,194174.151999539,194054.880206337,193986.58091055,193754.015213706,192846.065802888,NA,84.8282304907381,56.7078329814527,16.5183961722902,32.9805637684266,20.4316335721528,201824.533973698,190043.151623734,195933.842798716,189993.445271974,61.7876209886496,59.3872101462149,52.2427856971939,66.4011387098194,38.0844326845684
2025-05-29,189741.00625,195269.568604407,195816.059744624,195362.175557072,212818.586416014,203988.5125,195158.438583986,66.470583578178,5126.85816217915,3839.44832788398,11814.09375,5.92663393714399,0.0592663393714399,1.05926633937144,105.926633937144,195.452952662053,73.0517087191817,-88.2897819990247,0,100,100,6373.78032214162,6972.03663030668,4936.1613806386,6704801,-14057135.2784572,210489.105886399,210655.10675855,210157.104142099,211277.610029113,420314.208284198,6972.03663030668,44153856097.6995,1.03373493975904,459.513992578028,12.2603387861594,5.32459748109345,0.374578302431151,0.927195284364517,0.40399073285611,207457.207905493,204254.465187365,203271.019999358,186780.464057121,210571.018378175,197417.122482773,184263.226587372,-0.0673988917376794,-1782.23593749999,40.7493394048119,65756.6453434445,3997.44082876726,39.2746766598445,32.7627272516208,0.28571428571428,-1.44285644245633,0.397832170143919,3.47578264080432,213643.122457252,204502.649007162,195362.175557072,213643.122457252,207450.294216562,205296.885215486,203208.64747341,202031.149395673,200925.59219283,199405.140359202,195269.568604407,195004.781826819,194823.972542962,194510.497568544,193563.989080226,191449.673177083,92.7208533261198,64.8590382690086,17.6120345922408,36.4154944606986,18.8309265618721,204502.649007162,192969.813543608,198736.231275385,189993.445271974,65.693188723912,60.3325445671674,53.1796535506595,67.1036455599451,39.2556615413739
2025-05-30,190545.3,195812.374662187,196715.547244624,196093.413433079,212244.055558639,204956.74375,197669.431941361,57.7041565751915,4967.06003221936,4064.97066875106,367.21875,0.180614920719879,0.00180614920719879,1.0018061492072,100.18061492072,66.7843263865543,62.4543483736436,-45.516717423679,0,92.8571428571429,92.8571428571429,6558.79991830283,8964.05466839857,4073.73114433839,1878173,-16815208.4213143,205011.069427465,204679.067695599,205675.072891198,206048.574839548,411350.145782396,6972.0363691932,42290083286.0163,1.03448275862069,451.312599536064,12.2243204495187,5.30895491624306,0.86462181392121,0.502423246766704,1.72090328121837,208154.64408901,205104.852587256,205226.716612413,187764.637159101,211532.962092596,198140.355525125,184747.748957654,-0.108889261597793,-12973.953125,17.2250995546032,-64742.683482428,8665.0400270386,38.0515252092869,33.820486843154,-0.571428571428563,13.1986761702275,0.372794615739596,1.49603873760781,213643.122457252,204502.649007162,195362.175557072,207916.080957542,205566.678358281,204758.944310324,203314.073034874,202331.497232823,201349.818393933,199939.880626801,195812.374662187,195486.908530884,195256.123272574,194909.304739477,193960.815488844,191850.767908982,95.53327085737,72.0440987537387,17.7857410077415,32.8518223294258,21.8811805961168,204502.649007162,192969.813543608,198736.231275385,189993.445271974,62.5092615096029,60.1600720419522,53.8977528561597,66.6917406185923,41.103765093727
2025-06-02,191667.9203125,196512.935167853,197755.919018817,196795.401794046,212547.922988538,205926.05,199304.177011462,59.9778677752443,5023.61636877825,4256.6998087565,8425.671875,4.2501224610755,0.042501224610755,1.04250122461076,104.250122461076,66.880805907919,60.8883180073794,-61.8616038035554,50,85.7142857142857,35.7142857142857,6481.60193575624,5478.02816265059,3701.73953518512,3653925,-15685184.4213143,205509.056526104,205799.558019578,204928.053539157,205177.054819277,409856.107078313,5478.02816265059,41988004929.2097,1.02709359605911,454.61089131256,12.2388837382882,5.31527967219403,-0.983661879431577,-0.180025850791319,5.46400350342912,209041.898401815,206014.611981196,206411.617766701,188175.38366937,212112.9156282,198842.136572837,185571.357517475,-0.0684310610927107,-13309.13125,16.5043423742629,-23044.8454994159,-5285.0568355794,37.1084645899185,34.4780823925069,0.636363636363639,10.5258614371191,0.362274628654959,1.43799086512593,213643.122457252,204502.649007162,195362.175557072,202189.039457831,206118.870429141,205396.317040216,204060.070693791,203120.509099583,202168.471333328,200781.278360951,196512.935167853,196108.250418057,195812.949576351,195420.685511674,194459.256548105,192336.679207048,102.002567665608,78.6050184609041,17.9470370135392,30.8640403243203,20.5572216607637,204502.649007162,194659.963398521,199581.306202841,189993.445271974,58.9491331811421,60.9259091716176,54.2780759075727,67.0427075566511,41.5134442584943
2025-06-04,193089.402604167,197810.883907024,199366.449361559,197469.310620575,217994.456908432,208986.790625,199979.124341568,66.4518689944574,5805.2138462101,4566.40261624722,15800.796875,7.86773381948165,0.0786773381948165,1.07867733819482,107.867733819482,241.842545381574,63.0726259542931,-79.5190859146506,42.8571428571429,100,57.1428571428571,7121.35229523014,15438.1069683908,5035.43853209653,8762599,-19221958.7290066,218125.148491379,217751.646524784,218872.152424569,217876.147180316,437744.304849138,6474.0340876437,47894540827.6218,1.03002309468822,465.43650547094,12.2859513734136,5.33572088640521,-0.49895795044146,0.866626196056441,-0.575747597651622,210887.683686376,207862.172943046,207743.307490019,189908.964401067,214829.664697846,200678.613898413,186527.563098979,-0.192457254990688,-6125.41718749999,20.0486635151601,176708.420826292,21831.6205418778,38.0457096861712,35.1916078512398,-0.69230769230769,8.15956553499952,0.38368319190929,1.66035661273487,222109.169468391,208735.672512731,195362.175557072,209410.078827651,211375.00552707,209141.258235144,206853.641789615,205576.987558749,204393.4973782,202762.511143957,197810.883907024,197248.41098511,196828.471090919,196342.879212253,195328.74219818,193133.21892567,108.710165858702,84.9959635338772,19.5270140342908,40.5893593353524,17.367820922983,208735.672512731,198892.98690409,203814.329708411,191933.532797642,63.628854497827,62.2834686623175,54.9017464717533,67.9058449242149,41.8976480192917
2025-06-05,194743.285416667,199474.901477538,201335.078629032,198947.702151443,226596.403953764,212348.30625,198100.208546236,70.0981557472933,6907.59244566571,5034.64058213092,24264.140625,12.1722988091032,0.121722988091032,1.12172298809103,112.172298809103,230.353970889313,73.5740276919201,-83.7538869436337,35.7142857142857,100,64.2857142857143,7501.97312784495,12450.0439518374,7964.92875391895,14531105,-21385148.4790066,224599.161400334,224350.160112751,225097.163975501,224599.161400334,450194.327951002,7968.04120267264,50652860809.6618,1.03603603603604,472.866954068478,12.3176281357717,5.34947792950188,-0.294689665499049,-0.955593010150272,0.308384073940335,213161.216694513,210993.460344291,210632.658167521,192109.672268897,217645.263934194,202956.761279548,188268.258624902,-0.270805348099229,-2739.01874999999,40.1190832034916,85986.1262603187,40912.6768362722,40.3797450280863,36.2292352866091,-0.374999999999998,16.9717432520445,0.397922123494542,3.23436784050041,229081.184576837,212221.680066955,195362.175557072,216631.118197471,217489.080888535,213961.890906763,210575.756114145,208854.47277534,207348.829512323,205367.591782213,199474.901477538,198712.563499826,198134.553293801,197528.108648677,196437.542749231,194132.233264172,116.106442395209,91.4227215481977,21.4872797842738,42.4192587837497,15.3055105973564,212420.518897101,202378.994458313,207399.756677707,195419.540351866,68.9933470920592,63.8224729843581,55.6484288000016,69.0870487381105,42.2098088618927
2025-06-09,196493.5453125,201320.726382213,203486.169086022,201358.380745475,234552.633389308,215734.721875,196916.810360692,72.1906959996718,8050.10133474728,5637.73273265419,32325.328125,16.5127458858035,0.165127458858035,1.16512745885803,116.512745885803,190.852703668231,74.6234908049166,-87.9531807948764,28.5714285714286,100,71.4285714285714,7606.40751765265,8964.05458515283,10519.532335142,18197189,-23718111.0244611,229247.193549854,228956.692037391,229828.196574782,229952.69722298,459656.393149563,5478.02852074234,52813497741.698,1.02412280701754,477.582649915174,12.3374744675405,5.35809708187508,-0.661139034068604,0.750263405498918,-0.88120922495074,215802.25362148,215344.291404897,215491.510110487,193573.352278937,220311.094952387,205460.611971958,190610.12899153,-0.253590530090996,-2689.20937500001,40.6151359749449,70693.2288278738,46569.0697741236,43.7085768961804,37.7251036085233,-0.636363636363637,15.7706733259879,0.445837470164874,3.25637874285808,232567.210835153,214163.532026259,195759.853217364,223852.157567291,222787.134194268,218669.656437842,214466.740866557,212350.966361642,210539.038433504,208207.291246936,201320.726382213,200344.37594428,199595.559840445,198856.677294387,197678.626857105,195245.444878462,126.398445444889,98.0067413979954,23.5287557042413,42.121620315714,14.0151129106149,214163.532026259,204122.007587471,209142.769806865,197162.553481023,71.9948705790734,65.765034607718,56.4502057510433,70.4107523688016,42.489659133285
2025-06-10,198386.397916667,203143.852905941,205620.726646505,204479.263754443,237764.991209356,220913.946875,204062.902540644,72.8721730773344,8972.6698223782,6304.72015059899,30737.28125,15.4581505627665,0.154581505627665,1.15458150562766,115.458150562766,142.431853898476,71.6833133390558,-91.968766289779,21.4285714285714,92.8571428571429,71.4285714285714,7418.80882062168,4980.02575921908,9420.02015587078,21915844,-22974380.0244611,229247.185782719,229330.186212039,229081.184924078,229454.68685602,458162.369848156,4980.02575921908,52471989122.079,1.02197802197802,479.144224112114,12.3440032925419,5.36093251454651,-0.852711219545052,-0.522382595481502,1.6323499804948,218513.782117675,220144.639600244,220924.283765866,195031.594751242,222331.961361265,207725.999953935,193120.038546606,-0.240275316984042,-5079.63125000001,54.5798939028284,-10003.9860189793,44961.0494223686,47.5718269895743,39.6944482847335,0.200000000000014,22.6028691269829,0.463508884042217,4.22356171086429,232567.210835153,214163.532026259,195759.853217364,231073.196937111,226183.160847134,222306.166791895,217825.062340656,215483.37020498,213468.292136042,210878.778278569,203143.852905941,201968.53214182,201058.175823838,200192.438607674,198929.629235258,196371.141357856,135.943128304887,104.770673466949,25.3289517833686,40.0989702473685,13.8223174804384,215704.5622077,204122.007587471,209913.284897585,197162.553481023,73.4381467846015,67.1511946403444,57.3953640851155,71.4974116197361,43.293316550495
2025-06-11,200356.041145833,205459.813000719,208243.619321237,207288.058462514,242115.379127227,227387.98125,212660.583372773,76.757006293903,10348.0344016061,7113.38300080041,37216.703125,18.4401286080034,0.184401286080034,1.18440128608003,118.440128608003,150.995911763933,72.9711467521734,-97.7705568724083,14.2857142857143,100,85.7142857142857,7635.89762045079,10458.0520182292,8232.86569629123,26146265,-20154099.3577944,237713.227517361,238045.229231771,237049.224088542,237049.224088542,474098.448177083,5976.03085937505,56183406404.7716,1.02553191489362,488.918433253442,12.384391344798,5.37847282277615,-0.55715515300887,-0.83040841486323,0.670941121304309,222306.560791534,225655.433294778,226340.907440765,197051.083549082,225503.394927333,210581.926388547,195660.457849762,-0.204637407288152,1543.80312500001,59.4387689998306,112559.12339586,53286.1686376127,52.6487845044187,42.2853155286706,0.666666666666655,15.1082382006606,0.530365751078202,5.00411248608964,240037.239518229,219439.576549238,198841.913580247,238294.236306932,232612.197611067,227884.52265293,222539.767237177,219766.618235893,217402.590942036,214399.085290623,205459.813000719,204028.12671033,202911.007948285,201881.516684515,200502.633358385,197770.160801041,148.503928494166,112.305225870854,27.5139171712485,44.100941695974,12.4682928329075,221113.13948803,207857.021929009,214485.08070852,200897.567822562,75.7969087332363,68.6518117532392,58.4332017590077,72.9614009373139,43.9050025807014
2025-06-12,202265.763541667,207337.194016802,210450.27594086,211217.9601892,241652.703215559,230973.596875,220294.490534441,71.5315080297242,10950.1332169372,7880.73304402778,33231.78125,16.5063349847683,0.165063349847683,1.16506334984768,116.506334984768,121.797706601342,78.4916045698383,-78.1547762738348,7.14285714285714,100,92.8571428571429,7908.62347001368,11454.0595143312,5969.80192910977,21152027,-24714055.7925771,238045.236863057,237173.732334793,239788.245919586,238916.741391322,479576.491839172,11454.0595143312,57465604011.3524,1.04893617021277,484.313141211345,12.3654633669706,5.37025250645213,0.998361588937561,-0.0572200815629252,-17.4477484419462,225356.496889661,230644.630349702,230541.891592199,199043.402312437,228518.280830352,213197.479767072,197876.678703793,-0.248452406890696,-6175.22968749999,52.3511647421324,62818.2298557531,52970.0288343021,54.356603368518,44.69957309664,-0.913043478260873,43.6844286316852,0.521107724468595,4.45339233288079,245515.275676752,223852.157567291,202189.039457831,245515.275676752,233585.708180533,230109.421351953,225210.756462249,222456.18196573,220042.072143261,216919.101973045,207337.194016802,205724.298490312,204454.823109344,203302.286339536,201838.185726683,198976.359422319,159.073576442435,120.554708754376,29.8230183154465,44.4867790177925,11.1768946139911,223852.157567291,211441.126077623,217646.641822457,203636.585901823,74.9700289496074,70.7114139089171,59.3044865383432,73.5883759451871,45.0205971314994
2025-06-13,203973.330208333,209093.453677008,212533.724663979,216019.584357457,241017.471008574,233164.809375,225312.147741426,71.5315080297242,11297.0752150806,8564.00147823835,27763.640625,13.4256452080508,0.134256452080508,1.13425645208051,113.425645208051,96.6379545272895,74.3566679306092,-77.9801750538959,0,92.8571428571429,92.8571428571429,8001.7966414572,9213.04787022292,4389.77130424404,21152027,-27263083.6304149,236468.228669055,235990.976189291,237422.733628583,237235.98265824,474845.467257166,9213.04787022292,56348334380.9042,1.03957219251337,484.313141211345,12.3654633669706,5.37025250645213,0.998361588937561,-0.0572200815629252,-17.4477484419462,228174.384691135,234783.061638934,233367.540159351,200582.636979762,230889.807364399,215413.741567261,199937.675770123,-0.302484327802908,-9213.04531250001,60.9117385814974,-53147.1609702291,39758.4947994495,54.9638018025207,46.7524188378162,-0.621621621621617,60.6689037288698,0.526337580701998,4.84883097053243,245515.275676752,223852.157567291,202189.039457831,232816.209693471,234072.463465267,231592.687151302,227288.192526193,224656.734108325,222275.479313529,219124.116570164,209093.453677008,207326.238504739,205923.330213766,204661.28340086,203121.363492304,200143.010547817,166.239394184187,128.723435516384,31.7238056134438,40.8241036854259,11.3692725877033,223852.157567291,215169.410510185,219510.784038738,203636.585901823,72.138629742146,72.4202393420975,60.1303404330348,74.1669913334845,46.0936895325851
2025-06-16,206175.435416667,211539.636101072,215310.237634409,220148.981142158,248656.820672052,236949.628125,225242.435577948,76.6521470513635,12433.3216499214,9337.86551257496,35856.171875,16.9811242567689,0.169811242567689,1.16981124256769,116.981124256769,113.608202060031,75.7102546365254,-99.0376283861072,7.14285714285714,100,92.8571428571429,8355.10153015063,12948.0650831653,6544.5195902218,24912767,-23860509.3447006,243855.264889953,244643.768979965,242278.256709929,242153.756064138,484556.513419859,10458.0542464718,58671410949.7469,1.04411764705882,497.000282947606,12.4171811908151,5.39271327196384,-0.999928780829982,-0.0119345409574988,83.7844358145757,232580.496969126,239294.85651177,236060.455639319,202402.865572288,234119.527089782,218122.458074184,202125.389058587,-0.209738888046445,-1543.80781249999,65.9233857205545,135024.818997642,61954.8839639017,58.4806941963376,49.0980739095205,0.904761904761903,57.9410221753019,0.48487713530437,5.7650256943235,247507.283833165,224848.161645498,202189.039457831,245888.773772438,240540.872357633,236731.551850868,231670.656687039,228720.833588629,226080.679611447,222609.762155144,211539.636101072,209530.851990586,207927.522947241,206502.500698649,204842.458306331,201679.609587232,175.041745762776,137.557710505873,33.7743092655032,40.9884887262493,10.1095226645337,224848.161645498,216612.813355957,220730.487500727,204632.58998003,74.8102177033207,73.9060891104867,61.1761613201309,75.0260778700687,47.3262447701931
2025-06-17,208450.508854167,213892.258368745,218008.937365591,224526.309572719,252342.035487271,240634.846875,228927.658262729,77.008434669241,13261.30593192,10122.553596444,44322.21875,21.7603850835658,0.217603850835658,1.21760385083566,121.760385083566,129.913777585646,77.5988316193306,-81.7761784411139,0,100,100,8612.02725992473,11952.061746988,6544.51739061219,29957436,-28064400.178034,251325.298401941,250495.294113956,252985.306977912,251491.299259538,505970.613955823,11952.061746988,63965852601.7072,1.04838709677419,498.001286393921,12.4212053202833,5.39446092918634,0.994680223818741,-0.103010933127987,-9.65606459057007,236846.895854182,243784.567713745,239134.194951221,204724.260708865,237677.055083011,221284.633343494,204892.211603978,-0.250122615461942,-5129.43124999999,64.9709610337081,253676.358014822,92701.6843543726,59.7160101018636,51.2216611479891,-0.833333333333336,61.1523720379227,0.489308614032855,5.36235529756133,258961.337851406,230575.188654618,202189.039457831,258961.337851406,244273.076803817,240489.461650579,235300.573256586,232227.096799788,229453.695248148,225784.202042001,213892.258368745,211668.320282776,209882.535547376,208306.969418273,206535.118029612,203198.484067979,186.296863479293,146.92374337406,36.1622526448445,46.4301200796735,9.10646870086626,237298.236616076,222339.840365077,229819.038490577,210359.61698915,77.6658792927317,74.8981056851468,62.0295982716366,76.1573747049478,47.9018218383254
2025-06-18,210751.945833333,215932.453393342,220400.213004032,230724.614662883,254069.482074276,241929.65625,229789.830425724,73.9694341877418,13560.2530938059,10810.0934959164,38844.21875,18.7951899410204,0.187951899410204,1.1879518994102,118.79518994102,96.8807745950661,71.22624394379,-76.3158142582307,0,92.8571428571429,92.8571428571429,8494.88505452877,6972.0363843813,6786.36894452194,25876435,-30396400.7494626,246843.288180358,246511.286447769,247507.291645538,246262.285148327,495014.583291075,6972.0363843813,61247707094.8729,1.02857142857143,495.494986099759,12.4111144696971,5.39007852845904,-0.183580910145586,0.983004602954695,-0.186754883541524,240321.118299074,247596.138217668,242398.352823737,206375.304613138,239988.795237984,223718.790947005,207448.786656026,-0.266999777223551,-13346.4625,60.4716753987828,-93587.1424964392,62668.8439851802,59.4778984914924,52.8729086166898,-0.571428571428579,54.8474390525652,0.498747513946925,5.20170001905355,258961.337851406,237298.236616076,215635.135380747,249997.291448569,244894.179026908,242164.734850386,237570.508366234,234643.13033619,231924.708479202,228250.586943001,215932.453393342,213548.707003177,211620.718264577,209924.722106609,208063.751881392,204585.92004116,195.198357958262,156.533542496234,37.8315315651131,43.7059411773561,11.0866998229629,240037.240612785,225670.433709357,232853.837161071,210359.61698915,76.1995033457914,75.1074127581204,62.8521660320021,76.6909405733848,49.0133914906195
2025-06-19,212755.0890625,217808.892892159,222610.878797043,235807.224836817,253718.896165619,244021.265625,234323.635084381,73.3459906082312,13600.2104147272,11368.1168796785,28386.125,13.1034369842228,0.131034369842228,1.13103436984223,113.103436984223,78.6060093089262,66.7337307914436,-75.4385983640503,21.4285714285714,85.7142857142857,64.2857142857143,8457.25334767219,7968.0411585366,5421.14027737545,23558639,-30396400.7494625,245017.265625,245017.265625,245017.265625,245266.266911204,490034.53125,7968.0411585366,60017588034.3758,1.03305785123967,494.992187438347,12.4090839589826,5.3891966888603,-0.966948767555643,-0.254970745228982,3.79239103171328,243426.758852359,250344.566117424,244747.493387562,207277.651345233,242000.525299098,225747.217106814,209493.908914531,-0.234126264619707,-18675.1,56.12430647298,-85601.2773232424,43603.5769203401,58.7357018656426,54.0454672664803,3.65257029647157e-15,48.116570945978,0.498743627671095,4.51939724739597,258961.337851406,240037.240612785,221113.143374165,241033.245045732,244955.722325954,243115.578441924,239225.343312626,236529.336752337,233938.948040094,230346.421778251,217808.892892159,215296.960259945,213249.818135817,211450.484868278,209512.909283102,205911.537929155,203.787048081348,166.275832016916,38.8449236729702,40.7623870009034,12.865621800394,242776.254947937,227161.756704239,234969.005826088,210359.61698915,74.2097254810009,75.1185567412609,63.4954677339855,77.3050414857901,49.6858939821809
2025-06-20,214964.3609375,220271.114520084,225399.152284946,239974.965179443,256262.162568872,248304.0875,240346.012431128,77.7824562271767,14350.5157469052,11964.5966531239,32370.171875,14.4766167069701,0.144766167069701,1.1447661670697,114.47661670697,105.557834671855,66.9938436680293,-94.7368526359612,14.2857142857143,78.5714285714286,64.2857142857143,8635.7397156956,10956.0625,4448.69920601085,27156516,-26798523.7494625,252819.311760295,253607.815851471,251242.303577943,251615.805515868,502484.607155885,9462.04909411477,63100312513.8862,1.03838383838384,505.938067479608,12.4528285310221,5.40819471511029,0.479159471073182,-0.877727862882835,-0.545908921586945,247585.364632046,253049.781252029,246818.974771642,209046.917053141,244861.760868386,228325.511835717,211789.262803048,-0.15807060743387,-12101.4625,59.9999916332415,163712.141141764,53939.0116218834,60.84560309374,55.4054944319323,1,41.0194418986269,0.481166214824663,5.19008448906102,258961.337851406,242776.254947937,226591.172044469,252288.108035305,250464.525225477,247401.495002949,242947.117715376,240064.607911003,237328.852668541,233549.785071594,220271.114520084,217556.758474671,215333.891793826,213386.260662049,211334.886492588,207552.90809951,213.323069733629,175.934123604554,40.1485909567559,42.8367069683566,11.6989076017476,242776.254947937,227161.756704239,234969.005826088,210359.61698915,76.1996023205724,75.2224680687879,64.339138768194,78.191710783272,50.486566753116
2025-06-23,217273.203125,222735.129309111,228205.538272849,243392.512260396,261710.962370447,250594.9,239478.837629553,78.6521396300014,14973.4568889602,12566.3687002911,30378.15625,13.3187764549594,0.133187764549594,1.13318776454959,113.318776454959,115.737645611796,74.2067201346725,-94.1666678109077,7.14285714285714,100,92.8571428571429,9050.47795630997,14442.0750842967,6214.06777561184,30555252,-25040556.8529108,255973.330804432,256595.834040824,254728.324331647,254852.824978926,509456.648663295,14442.0750842967,64834375833.6238,1.05835010060362,508.392902930401,12.4625091592005,5.4123989585095,-0.98080473152766,-0.194992509120108,5.02996107877929,251480.008446107,255824.05261296,249431.869940198,210773.089812076,248112.281541251,230958.637451785,213804.99336232,-0.10721912087432,-13246.865625,78.5714445792588,148129.697247511,71509.4208737157,62.9072270791607,56.905840961378,0.517241379310343,61.7166028015157,0.494955869874097,6.05275008838703,261949.361873796,244270.266959132,226591.172044469,263542.971024879,254463.934487739,251088.777918633,246395.167945292,243409.832609003,240580.312834919,236663.979906395,222735.129309111,219829.346545522,217437.767499005,215346.133839786,213183.061286997,209222.102711002,221.059448209455,185.391492482839,41.6318414594679,42.6704904881455,10.364627030948,247382.785783634,228655.768715434,238019.277249534,211853.629000345,78.9802307540277,76.264328685381,65.2415389097453,78.9742280298193,51.5088497896713
2025-06-24,220219.4765625,226261.084676265,232083.875974462,247103.882183076,280015.846917446,256471.33125,232926.815582554,83.8320098192556,16800.4928191862,13413.1935240701,47808.25,20.8242961919185,0.208242961919185,1.20824296191919,120.824296191919,201.048772237655,76.2528350171256,-93.2330808781225,0,100,100,10075.8807435099,23406.1169771095,13161.7843824295,35991564,-23228452.8529108,275893.42975763,276266.931693223,275146.425886445,274150.420724865,550292.85177289,13446.0696813285,75660356480.6163,1.05009276437848,526.675837209189,12.5331704992476,5.44308678857587,-0.491796044908556,-0.870710428450413,0.564821585729478,257665.607195552,260527.491458333,254943.399933834,214387.419236657,253874.715063616,235238.141480913,216601.56789821,-0.0763090214796412,2440.21250000002,82.5581556552594,505017.401992847,115115.896273381,65.2131320246184,58.567299174026,0.333333333333333,78.8178468736201,0.574318905565671,7.01838149935922,281869.46072711,257342.83521029,232816.209693471,274797.834014453,265925.685993869,259854.997779089,253282.33895745,249587.57895282,246242.947398778,241754.412105596,226261.084676265,223027.018265215,220362.141645395,218043.581825012,215700.879962016,211457.031720477,236.281917005187,195.144602317397,43.685054785116,49.7154470309442,8.6439526704446,257342.83521029,238615.818142091,247979.326676191,221813.678427002,82.0764441363692,78.0618436099945,66.3875123177439,79.9939630104172,52.7810616250706
2025-06-25,223252.3640625,230041.49655199,236254.069018817,254752.309462763,293585.028189815,264339.76875,235094.509310185,85.343757073788,18636.3725472072,14457.8293286976,45816.234375,19.1666657406584,0.191666657406584,1.19166665740658,119.166665740658,206.471196421749,76.9757864974386,-92.0863305585029,0,100,100,10281.0363686301,12948.0594951923,16348.5970317611,41458162,-25779531.9195775,286019.474741404,285728.973243553,286600.477737107,286475.97709517,573200.955474213,7470.03851617133,82125883470.2795,1.02640845070423,533.720403160681,12.5597442245051,5.45462761081881,0.16122221845958,-0.986918130482449,-0.163359263022929,264560.592215194,266933.121153274,263023.482463426,218090.273827036,259074.009787381,240074.458934293,221074.908081206,-0.120020623524461,6673.2265625,82.0359373687801,156518.201065204,125527.004185542,67.2303799006312,60.2999153193471,-0.466666666666667,68.6963941642209,0.626817549251743,6.63613333118583,290335.496995192,261575.853344332,232816.209693471,286052.697004027,275391.577371935,268189.154769392,260299.034466905,256000.286188671,252183.642991274,247142.294186146,230041.49655199,226462.043292148,223508.255162693,220948.533430447,218412.903051741,213863.603426363,248.589831664658,205.090852897644,45.8026838036021,51.1256818476664,7.86599058895662,261575.853344332,242848.836276132,252212.344810232,226046.696561043,85.4781309231736,79.3123038910532,67.3447468971985,81.5102540066531,53.1792397877439
2025-06-26,226401.6625,234027.821371216,240678.402385753,263292.274470546,302171.949971057,273702.221875,245232.493778943,86.6028535090211,20418.5354674835,15649.9705564547,57270.3125,24.4161422455283,0.244161422455283,1.24416142245528,124.416142245528,178.475532794962,77.6181097578854,-92.2535229775294,0,100,100,10435.9688596994,12450.0912436007,15915.06183093,47352182,-25523270.1804471,291663.530378982,291705.030596736,291580.529943473,292078.532556527,583161.059886945,11454.060100256,84986406568.9213,1.04006968641115,540.212487128907,12.5839251136855,5.46512923755737,0.649154779808388,0.760656342806608,0.853414010081332,271492.680519859,274601.868012716,272528.308285672,222169.481996283,264282.28626858,244987.703833788,225693.121398995,-0.117858870973713,12300.684375,82.0359474938433,96779.1376244561,142185.481807174,69.2147490146845,62.0828820584146,0.0434782608695634,47.6870090853579,0.668791200113212,6.53761772550603,297307.559993601,265061.884843536,232816.209693471,297307.559993601,283610.554310967,276069.280262928,267305.811529815,262514.69438164,258283.010415693,252728.198819128,234027.821371216,230093.570400917,226841.000337683,224030.31594434,221291.986510496,216419.863355007,262.64242847033,215.80230115166,47.9238799297654,51.5412314064126,7.19540555329613,267178.394790147,246334.867775336,256756.631282742,229532.728060247,86.8617295994864,80.6892294119244,68.227013257809,83.1402573174287,53.3137691981893
2025-06-27,229003.605208333,237178.635315009,244321.226579301,272136.24870654,301675.696482726,279080.64375,256485.591017274,77.3965034906877,20867.0426931417,16693.3849837921,48306.21875,20.5944660829921,0.205944660829921,1.20594466082992,120.594466082992,118.612087446223,69.2316202992162,-79.5774036083556,7.14285714285714,92.8571428571429,85.7142857142857,10650.9759648542,13446.0683318662,12631.0184663922,42217319,-28375971.8471137,285355.450154049,284732.946990537,286600.456481074,285728.952052157,573200.912962148,13446.0683318662,82094622466.7637,1.04804270462633,531.850954215558,12.5527265776804,5.45157988552689,0.41089593438726,-0.91168225336683,-0.45070081475188,276274.683490352,281383.199829545,280046.458271554,225046.03858074,268506.711248624,248832.251102384,229157.790956144,-0.153514001746017,2191.18437500001,62.4999286924477,-130407.389784551,112693.014164708,68.7703532233361,63.4203762913989,-0.555555555555556,47.2845433754725,0.646350578434275,5.14321412242055,297307.559993601,267178.394790147,237049.229586694,292469.818926052,283237.995905484,278334.666008619,270763.506189856,266214.829494069,262064.922274817,256495.353654237,237178.635315009,233025.340795311,229573.899711455,226588.36470763,223706.63164734,218598.406769597,271.951493834875,226.570050937449,49.0186832617889,46.8917517143258,10.5556334244153,269170.402519666,246334.867775336,257752.635147501,234056.380648586,82.5648054941593,81.1309616477298,68.8351771894202,83.6165820184592,54.0537723603811
2025-06-30,232053.422395833,240640.241504363,248310.25406586,278680.789641176,296200.319137285,285554.68125,274909.043362716,79.4842397076899,21616.2675970831,17677.9615064503,43824.25,17.7419446662999,0.177419446662999,1.177419446663,117.7419446663,107.53825936831,75.2748260751605,-89.9613999187923,0,85.7142857142857,85.7142857142857,10637.199600223,10458.1068600171,5951.09249495385,46592617,-26574378.5529961,289671.525131992,289962.026661494,289090.522072988,289090.522072988,578181.044145976,8466.04457405821,83555411474.7503,1.02972027972028,539.289839742972,12.5805063249061,5.46364447645569,-0.557477242006935,-0.830192221503154,0.671503812692393,281406.825886136,287429.153929924,284912.71023566,227673.680463287,272458.2535968,252721.70577187,232985.157946941,-0.144378401347948,9810.67499999999,65.0793197568464,48181.8753681979,89860.2938706386,69.4203566901678,64.6203723711527,0.411764705882355,31.1771337076747,0.633990838340796,5.75850280638862,297307.559993601,269170.402519666,241033.245045732,287632.077858502,287035.763577742,282500.954422413,275223.511758777,270690.957086056,266490.862117153,260787.625853707,240640.241504363,236236.906931683,232562.174420652,229381.632818168,226339.059082738,220966.771506659,278.494800108595,236.814266118482,50.0352881290358,43.5975585431896,9.81408133615146,269170.402519666,246334.867775336,257752.635147501,234056.380648586,78.7343861770731,81.9819896108022,69.5142859273422,84.1879466967422,54.8406251579423
2025-07-01,234754.8765625,243460.836810533,251684.837701613,283523.749932807,294251.954116995,286949.0875,279646.220883005,73.5408300753679,21440.4785036231,18430.4649058849,36354.1875,14.6586344116412,0.146586344116412,1.14658634411641,114.658634411641,82.4258613726663,68.8448909229756,-79.9227474950626,14.2857142857143,78.5714285714286,64.2857142857143,10517.6886502321,8964.04630035028,4082.42654655388,42904636,-30262359.5529961,287347.48418345,286600.480325088,288841.491900175,287969.987398752,577682.98380035,8964.04630035028,83409318911.6002,1.03152364273205,533.25366266909,12.5579944518113,5.45386769419328,0.97600788938354,0.217735159910125,4.48254608849764,285179.724216062,291766.2224398,286606.26635117,229560.272378259,275665.524017644,256019.398953926,236373.273890207,-0.157168476643653,3834.61249999999,49.7267006308491,-6052.95417541139,99586.3147951973,68.9592747821893,65.48815285336,-1,16.9485748281058,0.618126420539085,4.30876363448922,297307.559993601,269170.402519666,241033.245045732,282794.336790953,285697.616163871,283120.459198275,277253.724423493,273176.141024955,269239.878522206,263734.106215744,243460.836810533,238910.382588256,235088.871705011,231771.973510856,228614.369265768,223045.220596605,283.173161625457,246.589244303726,50.9011483280604,40.9425383621624,9.55476340155226,269170.402519666,246533.706605483,257852.054562574,234056.380648586,76.6643546358095,81.2637480235118,69.8862405651839,84.3914452264572,55.3810359039107
2025-07-02,237409.544791667,245681.778790499,254467.45453629,297307.559993601,295936.121011767,285554.68125,275173.241488233,68.0602004931996,20541.9691312129,18852.7657509505,32370.15625,13.1845790148755,0.131845790148755,1.13184579014875,113.184579014875,41.8702957867589,61.09708625816,-69.8841435274433,7.14285714285714,71.4285714285714,64.2857142857143,10549.0004920358,10956.0544354839,5803.40125290731,38202580,-30262359.5529961,277885.4375,277885.4375,277885.4375,279005.943296371,555770.875,8964.04637096776,77200227842.7312,1.0327868852459,527.148401780751,12.5349642124144,5.44386578830632,-0.840973892374074,0.541075699274325,-1.55426291275318,287520.430012607,293890.682772592,285875.649132097,231570.586678349,277861.303069537,258101.878815456,238342.454561376,-0.164741514285781,-3037.82187500002,46.52398682976,-208867.311844042,85890.0887373306,66.7475284258675,65.7400279678615,0,18.7263861358213,0.598925210170721,4.10713970320792,297307.559993601,269170.402519666,241033.245045732,277956.595723404,281791.526831935,281375.451965517,277394.105107161,274032.376747691,270569.96451879,265503.022626276,245681.778790499,241075.663416686,237176.509060864,233776.906727775,230546.568020052,224843.260495077,285.681926905462,255.688675284183,50.1184543458618,37.9042542201401,16.2665682644495,271909.419512243,246533.706605483,259221.563058863,234056.380648586,70.5953497517669,79.586309324442,70.0083038768917,84.4176813374806,55.5989264163028
2025-07-03,239961.447916667,247727.305158854,257046.673420699,297307.559993601,292477.813976974,282666.2625,272854.711023026,67.6425995726854,19564.1857866612,18995.0497580926,32370.171875,13.2113840191747,0.132113840191747,1.13211384019175,113.211384019175,37.3723300819882,67.1041647640818,-66.9421267415047,0,64.2857142857143,64.2857142857143,10293.5030376803,6972.03613105923,5484.82401681313,34560440,-32343582.4101389,278715.444382106,278383.44266158,279379.44782316,279005.945887567,558758.89564632,6972.03613105923,78040723544.0205,1.02527075812274,526.675837209189,12.5331704992476,5.44308678857587,-0.491796044908556,-0.870710428450413,0.564821585729478,289485.218298084,294307.927088745,283665.964629504,233036.267232674,279533.732190572,260065.07553609,240596.418881607,-0.150791020889113,-4581.63124999998,45.7446091239351,28599.3782590598,70877.5595281413,63.9385436661022,65.3797311075097,-0.57142857142857,13.2291893036486,0.591064501644564,4.16070395017356,297307.559993601,271909.419512243,246511.279030885,273118.854655855,279589.482165968,280046.113810345,277392.623416681,274642.387793565,271618.806515899,266988.574485491,247727.305158854,243092.984199092,239138.017765212,235673.01676135,232383.464862403,226566.020396878,287.712397349306,263.954156130369,49.4202418281299,36.4155583123635,15.4793477374361,272407.42339155,248074.736786924,260241.080089237,234056.380648586,67.4680426568056,77.0899190293508,69.9700486764188,84.3939701053537,55.546127247484
2025-07-04,242297.459895833,249126.793535702,258947.18484543,296351.394166437,294388.551417629,279977.05,265565.548582371,61.1749036996028,17939.5336131615,18783.9465291064,13446.046875,5.2529093454744,0.052529093454744,1.05252909345474,105.252909345474,6.05775513180745,61.2297277772818,-50.4424264969986,0,57.1428571428571,57.1428571428571,10447.5430735418,12450.0635397412,8056.27420691306,30905507,-35121331.4901389,272573.391096734,271784.887072551,274150.399145102,274025.898509704,548300.798290203,12450.0635397412,75119690330.8827,1.04646840148699,519.056234911016,12.5040244594518,5.4304288243232,0.4523327188646,-0.891849264979547,-0.507185167523767,290439.690101433,292392.856551678,280036.704976198,234184.749819641,280996.573860455,261256.343684723,241516.11350899,-0.161782915979162,-13346.49375,25.1395937128843,-178120.880175431,34627.4953700365,59.5172831553506,64.2072415170779,-0.76,16.9635323181189,0.557937459277865,2.14501089799315,297307.559993601,272407.42339155,247507.286789499,268281.113588306,274504.428582984,276503.86754023,275620.790435196,273692.749103826,271280.43243653,267292.424549805,249126.793535702,244555.561465809,240615.157142519,237140.249728248,233835.85349525,227971.048416652,284.929400143624,271.050817456388,47.7397824225443,33.3150195546248,19.6105683117663,282616.463684416,249748.299725716,266182.381705066,234056.380648586,63.8203119162365,73.3983610367457,69.9285953210257,84.418993471411,55.4381971706404
2025-07-07,244769.378125,250468.123388237,260729.11686828,294645.832558965,286945.528246772,275793.825,264642.121753228,61.4231851154213,16501.9478377625,18327.5467908376,11454.0625,4.43160037079726,0.0443160037079726,1.04431600370797,104.431600370797,-21.6350902837647,55.5415699388257,-51.327432827971,14.2857142857143,50,35.7142857142857,10234.8642053144,7470.03891835798,6233.99163117176,33429071,-33270717.890139,268091.396736624,268547.899114968,267178.391979935,267302.892628575,534356.783959871,7470.03891835798,71370342770.6236,1.02835538752363,519.535760318768,12.5058712884049,5.43123089194657,-0.928454991191023,-0.371444920994322,2.49957648823314,290995.230256179,289053.155579681,276231.543532092,234959.966007124,281407.523677019,261907.301118237,242407.078559455,-0.114043945122534,-14143.26875,24.7190591367429,-206379.409687498,-44416.5948166685,54.98342420987,62.3624780556363,0.733333333333326,-0.988804628393314,0.566616495397619,2.14092972416989,297307.559993601,280375.466257179,263443.372520756,263443.372520756,272210.917416492,274308.380443487,274353.371727375,273006.323130403,271070.736100141,267620.547262329,250468.123388237,245964.552842709,242044.535147762,238565.343490063,235250.816348377,229346.338837418,278.825704435091,275.7779049486,45.6514336482507,31.5777494501633,21.7167261473676,280375.466257179,249748.299725716,265061.882991447,234553.485425372,60.5298220836564,69.5665168819708,69.8143103206261,84.4539961777405,55.1746244635116
2025-07-08,247503.763541667,252429.758572867,263058.413037634,292149.635755908,284281.512378954,275096.625,265911.737621046,66.4986575357146,16061.5657021905,17874.3505731082,3486.03125,1.25673724860016,0.0125673724860016,1.012567372486,101.2567372486,16.5585327122337,61.5242570414574,-70.7964614783409,7.14285714285714,42.8571428571429,35.7142857142857,10677.6657576134,16434.0859375,5134.50813625507,36548466,-31285648.3446844,277387.450520833,278258.955078125,275644.44140625,275519.940755208,551288.8828125,16434.0859375,75912338283.0133,1.06145251396648,529.974969927826,12.5456595577594,5.44851071777169,0.5830227010113,-0.812455863481511,-0.717605382910216,292494.870642878,286059.191158009,274336.591558822,236174.730440954,283550.221085934,263381.601061341,243212.981036749,-0.0999391981446341,-4880.41562500002,36.4101800039452,446021.692742265,-12249.540185884,52.6054161182185,60.4110656681528,0.636363636363636,4.54613885473285,0.517952031695351,3.31141546313987,297307.559993601,280375.466257179,263443.372520756,273901.427801539,276542.193083246,276496.743212324,275802.282176847,274436.713243057,272578.848815504,269277.162448288,252429.758572867,247903.937059781,243938.629469822,240404.827197017,237039.93997197,231035.752932912,270.060961174344,278.163586005231,44.6112762631384,36.769079203484,19.328708740634,280375.466257179,249748.299725716,265061.882991447,234802.032311782,63.4264791959992,67.9302678086999,70.0340276381871,84.3769469655944,55.6911083107798
2025-07-09,250105.528125,254200.578584295,265147.039180108,289853.134697096,285282.290286386,275495.03125,265707.772213614,65.6530006180314,15454.0461862616,17390.2896957389,-4980,-1.74824273411297,-0.0174824273411297,0.98251757265887,98.251757265887,20.4582604149786,65.487288710767,-65.6862846782141,0,35.7142857142857,35.7142857142857,10377.4063445441,6474.03397464409,5471.24412968935,33921982,-31083611.1139152,279711.467878855,279752.968096641,279628.467443283,280126.470056717,559256.934886566,6474.03397464409,78181601525.7029,1.02342342342342,529.034468395019,12.5421071747643,5.44696793743934,-0.672493669858558,0.740102873930488,-0.908648910234768,293817.43745624,283492.217357955,274682.693656798,237138.756985396,284744.418893361,264936.826472533,245129.234051706,-0.134006916219789,-4980.00937500002,35.7142365474902,98202.4635201203,-12091.3928641435,50.7506037112434,58.4789732767709,0.0769230769230769,2.05455656893674,0.531930347297033,3.35924044675456,297307.559993601,280375.466257179,263443.372520756,284359.483082322,278209.830916623,277623.651724883,276707.879193103,275425.941517047,273701.713420811,270602.200736002,254200.578584295,249680.244375904,245691.74358105,242121.029003669,238719.843061305,232637.12066462,258.64099906803,277.718982738309,43.6454158341055,35.1302327547059,18.4672026500476,278383.458440387,249748.299725716,264065.879083051,234802.032311782,65.7361357660884,65.8527310502609,70.1694708206484,84.3351824864975,56.0037591547993
2025-07-10,253255.065625,256885.287224018,268095.944623656,263443.372520756,298386.4040896,279180.25625,259974.1084104,71.8264760118464,16073.2102129696,17126.873799185,3984.03125,1.36519125838126,0.0136519125838126,1.01365191258381,101.365191258381,102.413481520324,66.3681286603935,-97.0000214908908,0,28.5714285714286,28.5714285714286,10774.4554449338,15936.09375,10736.5630388139,38478047,-26527546.1139152,291331.538825758,292452.044744318,289090.526988636,289215.027646254,578181.053977273,13446.0710227272,83528133588.0805,1.04761904761905,543.887453890968,12.5974846784444,5.47101808170916,0.93139915967481,0.363999457907643,2.55879271092523,297207.335140515,283272.347102273,278457.509593928,239326.387709484,287861.430776198,267450.608601412,247039.786426626,-0.022355336303814,11105.484375,38.8349019195121,279248.704020018,33425.9508919197,51.5604805831201,57.0952747380407,1,5.23048385364644,0.519662489843787,3.69765642250931,295813.5625,279628.467510378,263443.372520756,294817.538363105,287011.696708312,283686.955316589,280953.586594636,279132.781695765,277103.536356071,273753.620956502,256885.287224018,252243.206493909,248136.710357584,244455.48698177,240958.812451057,234708.479413321,252.981571823509,275.611213625935,43.4962503696515,40.0036414471816,16.5158007228365,279628.467510378,256471.347687174,268049.907598776,236492.182166695,68.6033445699572,65.6271220755993,70.5516217379186,84.3641668641206,56.7390766117165
2025-07-11,256139.330729167,259236.141677307,270681.006922043,263443.372520756,302967.840642814,283961.0875,264954.334357186,69.7178832241367,16176.5047756272,16936.7999944735,10458.09375,3.69719745276409,0.0369719745276409,1.03697197452764,103.697197452764,131.519306478726,66.8474432341898,-71.4285733030824,0,100,100,11036.4282983396,14442.0753926147,10625.0980147225,34745514,-28972998.7690876,296477.547715054,295689.04359879,298054.555947581,296934.050098154,596109.111895161,14442.0753926147,88784374935.698,1.04965753424658,541.593511085574,12.5890314810348,5.46734690471972,-0.637793753436804,0.770207198146702,-0.828080748883527,299719.87904274,284482.066546943,283635.644823713,240968.039563564,291049.567598495,270215.078993187,249380.590387879,-0.0211746170052018,8466.05312499998,33.9805168695398,346840.020025689,66610.1891871964,51.4424293946203,55.9647056693566,-0.655172413793102,5.72912851233875,0.517340658348161,3.15864757670238,305275.593643888,284359.483082322,263443.372520756,305275.593643888,290167.613979156,286899.147294392,283702.463184717,281712.917978354,279598.920185906,276199.859743189,259236.141677307,254525.446758136,250340.945523068,246580.18455865,243012.33083533,236630.284391573,248.134322580025,272.237827233872,43.8034950970529,42.3888237460278,14.9717853441289,284359.483082322,263194.368509026,273776.925795674,240476.198991838,70.7945586017466,65.9096478645408,70.9884238521884,84.0754271500939,57.9014205542829
2025-07-14,259060.944791667,261788.747456191,273433.406955645,265116.661365682,305428.064405754,289737.9125,274047.760594246,71.6871038122263,16510.0773842549,16851.4554724297,7968,2.73971160263178,0.0273971160263178,1.02739711602632,102.739711602632,117.85806047102,65.5460347155673,-84.5237421775147,64.2857142857143,92.8571428571429,28.5714285714286,10959.5442085773,9960.05104166665,8771.06155964076,37682490,-27504510.7690876,297141.522743056,297556.524869792,296311.518489583,295689.015299479,592623.036979167,9960.05104166665,87775715335.4145,1.03418803418803,546.627415384556,12.607534856893,5.47538281875153,-0.998293925807571,-0.0583886778040696,17.0973887978328,302343.417592402,286998.833327922,289130.557447167,242361.673691926,293568.27148667,272779.50220746,251990.732928251,-0.0455903099508929,15288.6625,24.0222746896214,-59110.9428513896,60714.8571120877,52.1742537262506,55.2066152807354,0.5,7.51509519733604,0.470084763382819,1.95392192799776,305275.593643888,284359.483082322,263443.372520756,300046.56343817,294484.572614578,290866.608612928,287057.811643669,284819.938573198,282553.16804192,279025.068681541,261788.747456191,256985.229229907,252704.876534138,248850.677893056,245200.142616297,238668.685927914,241.856462230248,267.647082856626,44.088793772497,39.6367109076006,13.9997356617261,284359.483082322,265933.382844178,275146.43296325,240476.198991838,70.7215918503299,66.5567075594634,71.4060114746116,83.9361639846308,58.8758589645924
2025-07-15,262181.760416667,264080.281894501,275900.928662634,266723.01865681,306660.887700839,293024.725,279388.562299161,70.3435785135334,16464.094927946,16773.983363533,12948.0625,4.55341352159564,0.0455341352159564,1.04553413521596,104.553413521596,82.2278963131043,56.9273888206017,-80.9523324844877,57.1428571428571,85.7142857142857,28.5714285714286,10888.1513082099,9960.04360343382,7622.84668783073,33486294,-23308314.7690876,294485.516715522,295191.020349142,293074.509448283,294568.517143007,586149.018896566,8466.04360343382,85874749614.778,1.02931034482759,545.259141372247,12.6025223408214,5.47320591068119,-0.229063140011655,0.973411566547265,-0.235319928264416,303914.14367515,290109.881059253,293334.398365527,244263.242024287,295592.076860011,274846.741684419,254101.406508826,0.0601420820924473,14989.871875,14.9700225300714,-65308.3404310884,76665.8539357493,52.8350352506547,54.7322992747193,1,5.39202221356267,0.452095302411493,1.14345054064526,305275.593643888,284359.483082322,263443.372520756,294817.533232451,295896.051932289,293013.582825286,289335.527111742,287090.40996898,284823.070073933,281310.376502598,264080.281894501,259225.357119912,254880.61578857,250957.497604228,247243.56962154,240591.271020442,233.324477602863,261.829588489671,44.0205253845709,37.04643708681,14.7186033730501,284359.483082322,265933.382844178,275146.43296325,240476.198991838,71.0536427515538,67.9763138174886,71.7059690877229,83.8330745007949,59.5788636746508
2025-07-16,265119.976041667,266063.330240017,278006.462264785,268265.121656293,299823.656586077,296012.7375,292201.818413923,68.0543245516027,16041.8112949069,16627.5489498078,16932.09375,6.09319218104043,0.0609319218104043,1.0609319218104,106.09319218104,81.1336943584828,54.6120064379733,-74.9999829961094,50,78.5714285714286,28.5714285714286,10608.4288013373,6972.03621199325,2130.36853330482,30362997,-23308314.7690876,294817.53125,294817.53125,294817.53125,295440.034483214,589635.0625,6972.03621199325,86905224410.1094,1.02393162393162,542.971022477259,12.5941119058127,5.46955330516652,-0.868346796601072,-0.49595749901847,1.75084921252241,304210.818881592,292947.76052895,295559.776153248,245551.172585983,297153.993681057,276748.721643045,256343.449605033,0.0907296838679126,15238.890625,3.79744120709828,38908.919388274,77811.358505662,52.9162848215763,54.3690963840907,8.34873186879594e-15,0.817945430292522,0.436922501251151,0.281662822643759,305275.593643888,284359.483082322,263443.372520756,289588.503026733,295356.791591144,293614.898966857,290553.750253577,288495.341110984,286360.679485635,282998.770846023,266063.330240017,261202.700127139,256828.758006201,252864.455588826,249109.215175598,242369.181191903,226.172366389483,254.991807271913,44.0116173651308,35.9778035158508,14.0275479084404,284359.483082322,269045.90166868,276702.692375501,240476.198991838,69.0983075566344,69.0048462660285,71.9524184032271,83.637410250749,60.2674265557051
2025-07-17,266846.383854167,266215.591192274,278219.584778226,305275.593643888,312971.146395444,290534.7,268098.253604556,49.620242428842,13422.6328924415,15986.5657383345,-8964.0625,-3.23160363021127,-0.0323160363021127,0.967683963697887,96.7683963697887,-74.2651594644247,50.8585063826726,-11.9047049033928,42.8571428571429,71.4285714285714,28.5714285714286,11842.6955943175,27888.1639030612,12542.3548284356,21034675,-31335010.4435062,274565.406462585,273029.898596939,277636.422193878,276515.916454082,555272.844387755,21414.1096938775,76967341905.1217,1.08022388059701,518.095912935047,12.5003207704515,5.42882033262768,-0.55178914510739,0.833983656519512,-0.66163064562942,300616.782179554,292576.454005682,293108.289306032,247233.599513176,298714.611690372,276540.786863954,254366.962037536,-0.0110251321086806,-8316.65000000002,-15.0258740540266,-394409.792018627,53779.2571897514,47.1161200724986,52.9185011217723,-0.860465116279073,28.8865533485192,0.376693331428707,1.21949115258267,305275.593643888,284359.483082322,263443.372520756,284359.472821015,281890.083295572,285217.724311238,285635.889086116,284845.892727169,283601.094180153,281176.84636527,266215.591192274,261603.848731187,257394.349079069,253540.930345834,249866.633207927,243223.417054463,210.182139261138,246.686556062748,41.316666435734,29.9253610066249,26.3876088497121,284359.483082322,269045.90166868,276702.692375501,240476.198991838,58.1243061417181,66.4614072305512,71.4904799790799,84.6819597634505,58.2990001947092
2025-07-18,268323.791145833,266325.899825031,278289.197110215,305275.593643888,313790.677267966,285455.06875,257119.460232034,49.348631558643,11177.8790683738,15024.8284043424,-1494,-0.554525820572482,-0.00554525820572482,0.994454741794275,99.4454741794275,-98.236666438956,42.4428735659176,-10.7142350057171,35.7142857142857,64.2857142857143,28.5714285714286,11565.9345441658,7968.04089219333,15840.0867074986,15675171,-34014762.4435062,269253.381815366,268921.380111524,269917.385223048,269170.381389405,539834.770446097,7968.04089219333,72839522426.7326,1.02996254681648,517.615083821946,12.4984637692256,5.42801384724241,-0.800856393450702,-0.598856441118516,1.33730947596539,297254.619821196,289861.840450487,286800.676829221,248110.903255454,297708.685962214,275846.748287898,253984.810613582,-0.0830452387674027,-5029.83281250001,-25.8427180187723,-114759.877466123,63959.2052143487,39.5724279230844,50.2492864820347,-0.5,14.0314828210509,0.35149818382272,1.98065760812692,305275.593643888,284359.483082322,263443.372520756,279130.442615296,274907.729147786,279453.607874159,281700.219289201,281769.434958593,281189.445075514,279520.412444612,266325.899825031,261955.04463501,257908.057660578,254166.340982972,250574.819160557,244033.317314973,197.746813689897,237.677790424393,38.7279768697484,28.4525934743746,25.704132837969,285604.47921042,269045.90166868,277325.19043955,241321.285061191,48.2422414055301,64.0065907344404,70.9258920903811,85.5537402535735,56.2980439271886
2025-07-21,269767.9984375,266653.997013738,278488.398084677,303701.904489211,306399.549206541,279977.04375,253554.538293459,51.3558982145778,9569.87353306857,13933.8374300876,1494,0.553502651331894,0.00553502651331894,1.00553502651332,100.553502651332,-81.2320741487566,47.70305776135,-19.0475989926281,28.5714285714286,57.1428571428571,28.5714285714286,11308.9421684685,7968.0412844037,14770.6295841712,18100062,-32802316.9435062,270083.399369266,270415.40108945,269419.395928899,269170.394638761,538838.791857798,7968.0412844037,72570938482.2154,1.03001876172608,520.97159831415,12.51139105295,5.43362809522992,0.206377771621416,-0.978472388665403,-0.210918339660976,294591.310679506,286073.654965503,279217.769077691,248562.312606364,296863.502833735,275297.857914695,253732.212995654,-0.0903355573954773,2041.81562499999,-15.1162637978437,-16363.6190450312,12583.0594602047,32.5474816252814,46.7089255106841,0.499999999999996,12.97276036099,0.363379769079522,1.14494019927891,305275.593643888,285355.484465293,265435.375286697,273901.412409578,273159.567698893,276772.873999439,279413.816391601,279886.157011576,279685.13141005,278506.786670285,266653.997013738,262480.398058065,258566.757591769,254916.126429364,251391.940222888,244930.959575137,185.19143512805,228.247843085916,36.2785670187652,27.0204952298383,24.7249439011634,285355.484465293,271162.411615291,278258.948040292,245049.569493753,49.2004274845534,60.9177166347215,70.7076073893711,85.9782879632054,55.4369268155367
2025-07-22,271029.6046875,266703.892367691,278337.390120968,301405.91273706,295001.38648702,274001.0125,253000.63851298,48.9675460132297,7883.16728993127,12723.7034020563,-13446.09375,-4.78724238705797,-0.0478724238705797,0.95212757612942,95.212757612942,-82.924103215329,49.1519558031136,-9.52376510804147,21.4285714285714,50,28.5714285714286,10963.5915340621,6474.03328677843,11739.5659469735,14960204,-34493009.712737,268589.38097455,268298.879480912,269170.383961825,269419.385242086,538340.76792365,6474.03328677843,72442217325.4067,1.02434456928839,517.133807635896,12.4966033131296,5.42720586142607,0.643939877902314,-0.765076096638206,-0.841667751393395,291537.564829215,281488.988347538,273217.177059933,249037.750968819,295793.721350733,274658.955348967,253524.1893472,-0.134703262925094,1294.79999999999,-12.5748498493985,-5134.34608712899,1101.19172606587,25.0933212671668,42.3858046619806,-0.538461538461538,-7.53951190212033,0.364406226845205,0.953890198071363,305275.593643888,285355.484465293,265435.375286697,268672.38220386,270293.471349447,273657.707666293,276750.162749023,277620.923918562,277799.322731581,277121.8602115,266703.892367691,262755.230110394,258998.982831195,255460.093758522,252020.780802383,245668.546966117,168.835610985788,218.269466632333,34.0041150142809,25.8806794550169,23.681962236675,285355.484465293,273154.41934481,279254.951905051,245496.968261318,49.046365758226,57.7928213505774,70.3433763596213,86.6147318892854,54.0720208299572
2025-07-23,271992.409375,266782.697698807,278137.117237903,299247.680490038,271481.663494467,268622.58125,265763.499005533,49.2850399377665,6511.56362604955,11481.275446855,-11952.09375,-4.27047371958197,-0.0427047371958197,0.95729526280418,95.729526280418,-82.4590122870135,43.0123771060175,-10.7142788087103,100,42.8571428571429,-57.1428571428571,10642.9087976939,6474.03322490706,1598.27556297258,18076483,-33294440.8665831,267095.370740396,267302.871805297,266680.368610595,266929.369888476,533360.73722119,6474.03322490706,71107940725.7334,1.02457466918715,517.615083821946,12.4984637692256,5.42801384724241,-0.800856393450702,-0.598856441118516,1.33730947596539,289162.773348298,277055.555016234,270124.454292921,249514.446242563,294664.044981843,273938.613957674,253213.182933506,-0.0924631294590624,1394.39687499998,-11.3772522590226,-51729.7780923746,-35674.1951753111,17.9269791535626,37.494039560297,0.384615384615383,-6.64726914587822,0.304224918671681,0.889048537374507,305275.593643888,284359.472821015,263443.351998141,263443.351998141,269109.423174723,271746.930110862,274789.098804796,275858.09684246,276280.253849799,275972.299560062,266782.697698807,263042.460382039,259434.416595527,256002.062508152,252644.49037876,246398.279032801,152.692305263306,207.126214792311,31.638099552697,24.7560551143837,24.324198671948,284359.472821015,273154.41934481,278756.946082912,245496.968261318,47.9679772290742,54.4166838857913,69.7863793147386,87.1385176032904,52.4342410261868
2025-07-24,273121.214583333,266888.547847271,277906.856955645,296383.334210686,271481.663494467,268622.58125,265763.499005533,49.622567837311,5402.46601330978,10265.513560146,-27390.1875,-9.2592737359701,-0.092592737359701,0.907407262640299,90.7407262640299,-54.2914323068814,49.6196510502926,-11.9047481223495,92.8571428571429,35.7142857142857,-57.1428571428571,10594.1332421735,9960.05102040811,1598.27556297258,21743627,-36594870.4665831,271411.390306122,270664.386479592,272905.397959184,272531.896045918,545810.795918367,9960.05102040811,74452555581.1781,1.03717472118959,518.095912935047,12.5003207704515,5.42882033262768,-0.55178914510739,0.833983656519512,-0.66163064562942,287230.356519375,272882.031617965,268888.028761981,250082.141347579,294383.090565861,273697.92599086,253012.761415859,-0.140062129843472,2988.00156250002,-1.31578186886272,169073.289501267,-55426.0541224691,11.2678111545627,32.2487938791501,-0.899999999999998,-11.100842116786,0.326283496213162,0.0940142980300731,305275.593643888,284359.472821015,263443.351998141,277885.423469388,268766.399087362,270639.078407241,273374.493514841,274506.32923474,275071.503257523,275028.683990054,266888.547847271,263341.400083037,259872.902371355,256542.119573015,253263.270167828,247120.413326808,132.675363233638,194.297441531601,30.184669681383,28.4662335356741,22.6905868912052,282367.448004279,273154.41934481,277760.933674544,248827.561605598,48.3298917969757,51.3003210778407,69.1278789893223,87.4232092561464,50.8325487224981
2025-07-25,274133.819791667,266762.665728093,277378.867305108,293748.135633683,272174.868848553,268024.98125,263875.093651447,47.2518746298814,4193.86285787763,9051.18341969229,-28386.15625,-9.67742210419744,-0.0967742210419744,0.903225778958026,90.3225778958026,-77.0197109533532,49.9351813506676,-3.57146292687529,85.7142857142857,28.5714285714286,-57.1428571428571,10513.2700896713,9462.04910714278,2319.85769233703,19572564,-38537400.5192147,267759.38964599,267053.885984492,269170.396968985,268796.895030545,538340.79393797,9462.04910714278,72430320011.1145,1.03578154425612,514.720676678138,12.4872487562855,5.42314322900803,0.55081254476499,0.834628983758362,0.659948977909517,285245.904082642,268843.208494318,268018.028206516,250350.420857677,293729.462357838,273132.351100872,252535.239843907,-0.13355543184855,946.209374999977,-6.32912096226182,-162780.917847556,-66944.9402331543,4.26714784145747,26.6524646716116,-0.894736842105279,-16.5416677846436,0.321428117874024,0.473690032456469,301291.544010417,282367.448004279,263443.351998141,269751.388295068,266851.887043681,268738.510604828,271499.578289321,272766.519373878,273512.406602519,273767.270366298,266762.665728093,263430.065356202,260119.949816655,256907.130678536,253721.078200463,247704.576004617,114.777487297289,180.177555427939,28.4602470358077,26.6360744083339,23.6004080374273,280873.450677069,275893.436337387,278383.443507228,250318.88460048,47.2593042411586,48.1769686527982,68.3313460007436,87.6460152664606,49.0166767350266
2025-07-28,274598.622395833,266387.871769829,276528.515020161,291323.752942839,271460.958807845,265933.371875,260405.784942155,44.6277785969154,2881.34503259172,7817.21574227217,-37848.171875,-12.6666592760307,-0.126666592760307,0.873333407239693,87.3333407239693,-103.065696553245,44.49687702647,-7.2916661507443,100,21.4285714285714,-78.5714285714286,10295.8960678797,7470.0337845897,3090.01503334512,16695207,-38537400.5192148,260953.359375,260953.359375,260953.359375,260704.358077886,521906.71875,6972.03631917943,68084503446.4889,1.02707930367505,510.835941741573,12.4720969706235,5.41656289210405,0.106992030456025,0.994259878210369,0.10760972337394,283116.383053116,264895.128053301,266677.285717097,250606.07843929,292286.706199556,271972.44712698,251658.188054404,-0.160392243468123,-2539.80625000002,-27.7777910929318,-199104.541220731,-81811.1847653368,-2.74245683032667,20.773480371224,-4.17436587022241e-15,-18.7485326302953,0.318583609671997,1.93476208808528,298303.549355997,277885.445285703,257467.34121541,261617.353120748,263902.62320934,266143.460194885,269155.974086138,270618.672101355,271580.245490593,272165.531492385,266387.871769829,263292.470579468,260160.603941452,257083.053665339,254004.697070052,248138.96234463,93.5122914255133,164.6428680749,26.6940525635352,25.2555691780899,27.2145540438809,277885.445285703,276391.440216694,277138.442751199,250318.88460048,44.6145865857453,47.4404012047057,67.4323754482131,87.8577614838746,47.0069894125515
2025-07-29,275046.825,266069.387099195,275680.304502688,287938.111770096,270993.189759576,264738.16875,258483.147740424,45.0386548373249,1859.90975599916,6625.75454501757,-35856.171875,-12.0602972027807,-0.120602972027807,0.879397027972193,87.9397027972193,-95.0581320164775,39.4741202443447,-15.3846134800412,100,14.2857142857143,-85.7142857142857,10307.4788041026,10458.054375,3496.6630445252,19639384,-36995212.5668338,259625.349880952,260081.852254464,258712.345133929,258089.841897321,517424.690267857,10458.054375,66904734799.3694,1.04125736738703,511.323145745428,12.4740035389717,5.41739090421703,0.986457481227073,-0.16401718730407,-6.01435433347778,280819.021646464,261495.929575216,264918.19785746,250878.446322411,291140.884659996,270796.533103549,250452.181547101,-0.0911788911185664,-996.003124999988,-25.8741488889508,-79603.396087513,-94979.2198182021,-8.74267840616646,14.8702486157459,0.523809523809527,-12.5946350380363,0.253686922217751,1.78764465347879,298303.549355997,275893.433651213,253483.317946429,253483.317946429,262676.99129217,264579.426588257,267443.837483663,268951.88796929,270021.955318963,270826.259977712,266069.387099195,263190.186623664,260223.567621137,257272.980000541,254296.723042795,248575.434378412,73.1998695202307,147.645923978317,25.4231804933445,23.42510045789,28.0031641276481,270913.397493622,279379.455795158,275146.42664439,250318.88460048,43.457343995761,46.8098551071499,66.429018663245,87.635525174096,45.2225121523941
2025-07-30,275611.228125,265835.708899247,274867.436760753,283803.536511256,269155.779452507,263642.56875,258129.358047493,45.903247936126,1117.89863751782,5524.18336351762,-32370.15625,-10.9797257010984,-0.109797257010984,0.890202742989016,89.0202742989016,-74.5689382521519,36.5949832576114,-17.3077103349045,92.8571428571429,7.14285714285714,-85.7142857142857,9962.51808239454,5478.02870018975,3081.97847627109,22122191,-36769502.839561,262281.374130297,262322.874347723,262198.373695446,262198.373695446,524396.747390892,5478.02870018975,68740484968.9267,1.021113243762,512.296178982432,12.4778058647253,5.41904223331023,-0.956652157598416,0.291232981240614,-3.28483454560401,278477.102911208,259062.275463339,263304.65937783,251126.844608722,289860.50243093,269985.565582287,250110.628733643,-0.0908527239763179,747.014062500006,-59.2920722554764,76915.2193854502,-42609.774106638,-13.4352408943683,9.20915071372303,0.0909090909090977,-13.7235002802476,0.253918052237025,3.3491720892295,288343.477040816,270913.397493622,253483.317946429,263194.363383635,262562.183146085,263868.742725505,266333.512487294,267769.249247601,268856.635269892,269778.899355498,265835.708899247,263148.919311239,260332.046029862,257497.95369617,254616.356452882,249030.25210371,55.3269631534365,130.439793299683,24.1322497547954,23.2191570591499,26.9032275915717,265684.370707908,279379.455795158,272531.913251533,250318.88460048,44.1729769199409,46.0039867576735,65.6207841523504,87.5754787441022,43.6660895605985
2025-07-31,276524.2328125,266259.689373489,274660.738575269,280165.110283477,272867.239845331,264439.375,256011.510154669,53.7400488489073,1318.34371691255,4683.01543419661,3984.03125,1.48423409473932,0.0148423409473932,1.01484234094739,101.484234094739,-24.3363963836249,35.8307318838842,-39.5833308649495,85.7142857142857,0,-85.7142857142857,9997.91206371214,10458.0338208409,4711.31967483541,25594835,-33705405.1925022,269917.393395795,270539.896609346,268672.386968693,269917.393395795,537344.773937386,8466.04370429611,72166933045.4543,1.03201506591337,521.926629182685,12.5150540417645,5.43521891105933,-0.0926098779497146,0.995702470874778,-0.0930095893689526,277089.502521775,258839.276756629,263536.949642376,251759.606089499,289906.066381393,269979.072993097,250052.079604801,-0.0190588703424024,11653.25,-32.8125513220058,157831.552308564,-12321.8374650061,-14.978331936507,4.37165418367702,0.882352941176473,-28.8767484960801,0.227544532739945,2.09204930656632,277885.423469388,265684.370707908,253483.317946429,272905.408820841,267484.794698043,266714.963900336,267683.266656784,268612.550520764,269402.90772837,270107.462717311,266259.689373489,263663.279696725,260921.08799182,258146.190763728,255314.04468022,249796.716174081,45.110290769512,113.480179641863,22.7218643179083,27.1772316458032,24.8929873493063,265684.370707908,279379.455795158,272531.913251533,250318.88460048,49.0152602055948,46.8009678063982,65.0688204552126,87.1934006928888,42.9442402175364
2025-08-01,276557.4328125,265660.311228425,273399.131821237,276963.295203031,273107.998303252,262845.765625,252583.532946748,43.2753753446809,228.836122798326,3792.17957191695,-10956.046875,-4.08921584041825,-0.0408921584041825,0.959107841595818,95.9107841595818,-99.2592970180762,29.6904660056435,-7.77776033041023,78.5714285714286,0,-78.5714285714286,10457.6385786449,16434.0832727713,5736.76246737266,22367441,-36287320.3925022,259625.34185239,258961.338420543,260953.348716085,260953.348716085,521906.697432171,9960.05147771319,68071849549.7791,1.03891050583658,506.921422041918,12.456712010938,5.40988128900831,-0.375158753276264,0.926960576206022,-0.404719211265445,273365.670705854,258453.660482955,263795.462397755,251904.031329014,289567.055406807,268993.003360649,248418.951314491,-0.016416378835669,-4282.82968749999,-56.7567556108346,-238217.020774063,-36972.2154348985,-18.9322954445788,-0.289135741974139,-0.800000000000004,-21.9540302942138,0.256880379197922,4.00015766565347,277885.423469388,265684.370707908,253483.317946429,268124.586479383,262227.061411521,263466.418641891,265302.391427499,266495.600994262,267490.049327852,268465.195893272,265660.311228425,263291.393498296,260728.319217829,258095.022822914,255378.957756486,250031.883779029,31.1811639317248,96.3679272867153,21.614603735872,24.1264125784883,27.8814960032756,265684.370707908,279379.455795158,272531.913251533,250318.88460048,47.7919317019237,45.9536880356305,64.0314732110917,86.7263626607605,41.336583761423
2025-08-04,276507.632291667,265099.602641107,272135.38313172,274145.697932239,273342.093207711,262048.959375,250755.825542289,43.2753753446809,-627.374512166367,2908.26875510029,-14442.078125,-5.32110213219898,-0.0532110213219898,0.94678897867801,94.678897867801,-128.645933672725,31.1372163903905,-8.79120731719117,100,7.14285714285714,-92.8571428571429,10137.5237435009,5976.03088662788,6313.05373223598,22367441,-35526801.0591689,256305.324693152,256471.325551114,255973.322977229,255599.821046814,511946.645954457,5976.03088662788,65513413839.7151,1.02362204724409,506.921422041918,12.456712010938,5.40988128900831,-0.375158753276264,0.926960576206022,-0.404719211265445,269785.700015154,257811.625768398,263228.560427231,252004.262006664,287927.605543876,267784.653011363,247641.70047885,-0.0318728095884278,-4930.23125000001,-55.8620722485499,-130440.635879557,-50895.1365229461,-22.5061545644128,-4.73253950646186,0.333333333333333,-22.3674590910288,0.269230370851056,3.97909826360315,277885.423469388,265435.365501651,252985.307533915,263343.764137924,259598.194768261,261300.721802927,263450.599582499,264763.551381669,265871.476835105,267028.212422238,265099.602641107,262940.167644224,260544.953798667,258046.079575178,255441.325221918,250259.3409707,16.5906367431156,79.4518190375295,20.8551604650747,23.1104635348744,28.8128931974726,265435.365501651,279130.450588901,272282.908045276,250318.88460048,42.2119993643845,45.0529985399435,62.9832981064863,86.0949538955924,39.8716423173803
2025-08-05,276009.630208333,264928.491180391,271228.269758065,271183.243276473,273527.233012399,262248.1625,250969.091987601,47.4838290668721,-854.050050817721,2155.80499391669,-4980,-1.8621878182815,-0.018621878182815,0.981378121817185,98.1378121817185,-54.190176108765,29.1957473121567,-26.7606258978943,92.8571428571429,0,-92.8571428571429,9875.84719705197,6474.05209321633,6305.19209718447,24485612,-34467715.5591689,261783.371521189,261949.372390892,261451.369781784,262073.873043169,522902.739563567,3984.02087286531,68352850655.1921,1.01535508637236,512.296178982432,12.4778058647253,5.41904223331023,-0.956652157598416,0.291232981240614,-3.28483454560401,267015.023804499,257560.10405506,261875.239593471,252201.793657845,286996.31250846,267213.102393251,247429.892278043,-0.045599644360158,-896.390625,-43.046332846981,103035.367833287,-33699.0091978726,-23.693337820651,-8.52469916929969,0.499999999999996,-24.2790726266646,0.271844268828483,3.27770930474327,277885.423469388,265435.365501651,252985.307533915,258562.941796466,261022.78488413,261682.939535285,263227.660786388,264342.428403184,265344.691937397,266455.607744458,264928.491180391,262912.790275101,260637.754832878,258237.440245823,255716.072272039,250658.948643792,3.12634872760242,62.8333794224513,19.6626194204793,25.2701556154362,27.4636641141899,265435.365501651,279130.450588901,272282.908045276,250318.88460048,44.5264645899973,45.1728767067273,62.1683532842803,85.453090248916,38.8836163196446
2025-08-06,275096.626041667,264447.126830043,270031.993212366,268635.532272515,273147.640757311,261252.15625,249356.671742689,44.2684219197796,-1419.17953208793,1440.80808871576,-10458.03125,-3.90333735653071,-0.0390333735653071,0.960966626434693,96.0966626434693,-94.6127913628096,35.1695761085589,-18.0000616370629,85.7142857142857,0,-85.7142857142857,9597.28928642391,5976.03644825917,6649.77799591065,23111053,-34925901.8925023,257799.345482753,257716.345049565,257965.34634913,258214.347648694,515930.692698259,2988.01559477756,66543887857.7277,1.01165048543689,507.412400075126,12.4586481706552,5.41072215248959,0.951912103639397,0.306371256721021,3.10705421202812,263909.03234937,257028.019835633,260261.681634971,252268.877787028,285708.207370336,266316.554116061,246924.900861787,-0.056066630754642,-6175.22499999998,-20.370321951639,-75779.158119297,-60904.8367112685,-25.2843334888475,-11.8766260332092,-0.333333333333346,-28.0272642415093,0.279069435338191,1.14157559734061,277885.423469388,265435.365501651,252985.307533915,253782.119455008,259245.064317065,260277.74094019,261947.590333857,263092.413011696,264132.792216259,265332.074745151,264447.126830043,262610.265468151,260483.100633713,258203.957789482,255784.7495849,250882.174712848,-11.6486414102979,46.7973789064584,18.8446374793188,24.1461500759723,28.4660724526487,263443.364528236,279130.450588901,271286.907558569,250517.723430626,45.1284300073337,45.1998109461117,61.2726336668589,84.8654316609505,37.6798356727673
2025-08-07,274067.4203125,264221.722478105,269119.524395161,266444.500809111,263547.310557949,258961.346875,254375.383192051,46.9751915370354,-1567.68509254651,839.109452463308,-7470.015625,-2.78292291980905,-0.0278292291980905,0.97217077080191,97.217077080191,-88.666700781846,37.768066800311,-41.3793448837846,100,28.5714285714286,-71.4285714285714,9836.63058381539,12948.0674499046,2563.63163435487,25835491,-32620608.2001946,257301.340350668,258214.345106751,255475.330838502,257218.339918297,510950.661677004,12948.0674499046,65225731554.3702,1.052,510.835941741573,12.4720969706235,5.41656289210405,0.106992030456025,0.994259878210369,0.10760972337394,262384.982883282,257027.31048566,259691.965825394,252494.81258223,285174.839665432,265457.962328881,245741.08499233,-0.0913513956617777,-3635.41718749999,-12.2806650580843,-118339.594378423,-55966.9118813648,-25.5169868772498,-14.6046982020174,0.846153846153845,-16.857802881348,0.287670991482782,0.708780874263119,273901.421522556,261451.359318053,249001.29711355,249001.29711355,260099.211846033,260502.947085127,261726.650120778,262703.49416866,263643.648702219,264784.735323882,264221.722478105,262518.215129642,260506.040084508,258323.496988853,255987.440164904,251212.377488656,-20.8188237562209,31.7311221227352,18.7550008588747,21.8757618737934,31.2141272665412,260953.352967195,277138.445378719,269045.899172957,250517.723430626,44.9022808738683,45.5857158147579,60.3273343756507,83.7453877743443,36.909280976957
2025-08-08,273154.416666667,263657.438971453,267920.034576613,264937.377314815,263879.949251789,258662.546875,253445.144498211,43.4074446798125,-2103.16419156623,250.6547236574,-9462.046875,-3.5714277289114,-0.035714277289114,0.964285722710886,96.4285722710886,-67.4332960469111,37.9923383181259,-22.41380241761,92.8571428571429,21.4285714285714,-71.4285714285714,9881.01799694929,10458.0543676901,2916.61659511754,23159317,-34787034.7716231,258297.342795647,257591.839127985,259708.35013097,258961.346247563,519416.70026194,10458.0543676901,67421084402.461,1.04109589041096,505.445672773049,12.4508811208518,5.40734896561933,0.848706718515904,0.528863787705271,1.60477373994243,261119.905358554,256788.22709145,259175.499954699,252572.811057519,284552.837470304,264775.998563811,244999.159657318,-0.0885707984028462,-9611.45156249998,-27.1186400118056,165419.535127798,-15464.2367315282,-26.673514284709,-17.0184614185557,-0.809523809523808,-11.8555074193247,0.299999751161185,1.61279719659656,272905.408820841,260953.352967195,249001.29711355,256222.333502878,257787.269985516,258827.074098418,260337.46745505,261389.282160722,262386.983998032,263621.059424022,263657.438971453,262126.943629384,260260.639501117,258199.66355999,255967.357339809,251352.146361979,-30.4991503383897,17.9520730378571,18.3176577401784,22.3819748834152,28.8542338007271,260953.352967195,277138.445378719,269045.899172957,252058.753612067,44.4845126670186,45.2888211595624,59.2434737793877,82.5130679269444,35.9738796318311
2025-08-11,272324.411458333,263804.27355394,267454.160920699,249001.29711355,267828.482266238,260455.35625,253082.230233762,51.0507662631709,-1664.47126553819,-132.370474181718,4980.015625,1.90839299288097,0.0190839299288097,1.01908392992881,101.908392992881,22.6575411532252,45.2386656398435,-58.6207028658426,85.7142857142857,14.2857142857143,-71.4285714285714,9957.8059578748,10956.0494499064,4121.70274474519,25574790,-32693624.8382898,263775.363842072,264314.866631554,262696.358263109,262696.358263109,525392.716526217,7470.03862359552,68995426275.44,1.02884615384615,515.687284117031,12.4910010864662,5.42477284529979,-0.643043874398577,-0.765829338428913,0.839669939673207,261189.483037034,257445.568010687,259526.63856364,252894.555593101,284564.301925042,264680.700018883,244797.098112725,-0.0796838145291838,1643.40000000002,-2.29006536611443,92406.4816899004,3647.9719104066,-25.4087360366636,-18.6965163421773,0.86666666666666,-9.17159914511072,0.291946079073413,0.15003305008354,272905.408820841,260953.352967195,249001.29711355,263443.369892206,261860.322492758,261195.841065612,261581.002465039,262215.480858772,262932.582613719,263910.098871019,263804.27355394,262338.412038863,260537.358305941,258535.911883468,256358.181561778,251830.219432078,-35.9563577449607,5.82360334172469,17.7329727512186,21.6946313464977,26.5865092968356,260953.352967195,277138.445378719,269045.899172957,253732.31655086,46.7474047921733,44.937757125209,58.249155590698,80.480161837897,36.0181493434989
2025-08-12,271776.608333333,264070.151066589,267170.352116935,249001.29711355,271091.819049104,261550.95625,252010.093450896,52.3703106708874,-1142.89166519669,-334.474712384711,6474.015625,2.47618357788468,0.0247618357788468,1.02476183577885,102.476183577885,112.734010932647,53.5709897209796,-65.5172244204832,78.5714285714286,7.14285714285714,-71.4285714285714,9886.82237378868,8964.03578066913,5333.50444569891,28583438,-34640397.0735839,269751.384371128,269294.882028346,270664.389056691,269045.880750465,541328.778113383,8466.0434479554,73241293030.5164,1.03177570093458,517.615083821946,12.4984637692256,5.42801384724241,-0.800856393450702,-0.598856441118516,1.33730947596539,261527.668607226,258920.946181683,260958.821428082,253348.486366347,284949.447727062,265163.622338145,245377.796949227,-0.17724724244266,4980.0078125,0,224212.65263706,20014.3533828076,-22.5466265511182,-19.4665383839655,-0.647058823529408,-11.2032582539588,0.289036333259812,0,274897.410780669,261949.353947109,249001.29711355,270664.406281535,264892.848746379,263439.019043741,262990.863028363,263253.643429905,263700.704519301,264412.008387142,264070.151066589,262648.798870037,260897.749364187,258944.149410274,256811.796990728,252357.929450698,-39.2150864402212,-4.68106883534839,16.6810980040182,26.4062259849371,24.8646510459244,261949.353947109,277138.445378719,269543.899662914,253732.31655086,51.6280951986769,46.3848678729205,57.2522952073585,78.0840152687266,36.4205751459905
2025-08-13,271743.408333333,264897.201804228,267500.212063172,250037.141660234,279772.310504322,265435.375,251098.439495678,57.8737158795974,-6.14036390127148,-268.807842688023,14442.0625,5.50284128389549,0.0550284128389549,1.05502841283895,105.502841283895,186.496214669979,53.394978094507,-96.5517236129178,71.4285714285714,100,28.5714285714286,9892.05418072258,9960.0676708633,8014.59059417335,32056132,-32556780.6735839,275893.432329137,276142.433621853,275395.429743705,276142.433621853,550790.85948741,4980.02585431648,75836442559.3426,1.01824817518248,526.202848243907,12.5313735628916,5.44230638903211,0.897562522114168,-0.440887195205365,-2.03580991209346,263113.141600308,261725.366734307,264372.807844519,254179.328761152,285978.049890512,266185.509003954,246392.968117395,-0.143870752835581,15039.6765625,11.2583051163007,67845.6119057746,10015.9155602754,-17.1066493682993,-18.9945605808322,0.6,-10.9574338591776,0.287128512950039,0.85584473612149,277885.442670863,263443.369892206,249001.29711355,277885.442670863,270891.14312319,267922.491862494,266079.435133172,265732.878715377,265729.740362485,265971.687026249,264897.201804228,263439.945460591,261677.831712276,259724.379327219,257599.155442072,253162.241190019,-38.8772088025587,-14.0130132322451,16.0048855526312,26.6647069773973,23.0763272464875,263443.369892206,277138.445378719,270290.907635463,253732.31655086,55.3003967086701,48.6772992235763,56.3926065971205,75.410122783683,37.3750904105581
2025-08-14,271677.008333333,265574.507332988,267735.826848118,251708.039720872,283668.739146159,268323.790625,252978.842103841,56.6978687032504,765.367240975786,-61.9728259552616,2988.03125,1.09689794823631,0.0109689794823631,1.01096897948236,101.096897948236,133.486072639298,53.428675096837,-91.3793358854169,64.2857142857143,92.8571428571429,28.5714285714286,9719.0525387774,7470.03119349002,8578.08700113681,29955082,-31056030.6735839,273735.428835142,274150.431001356,272905.424502712,274399.432301085,545810.849005425,6972.03639240505,74465218400.1415,1.02587800369686,524.781323505325,12.5259632983276,5.43995674098631,-0.28009557230178,-0.959972119583136,0.291774694897817,264371.422787385,265070.84411526,268556.898467608,254639.570643479,286454.465949455,266904.548987876,247354.632026297,0.00488958815907331,13246.875,14.285726482154,-82627.2918658747,27303.6632167408,-11.3887005280832,-17.4733885702824,0.71428571428571,-12.1629481762849,0.285245771787088,1.07603724316481,277885.442670863,263443.369892206,249001.29711355,271112.607261691,273143.290311595,270413.473741663,268149.657881356,267489.707585308,267216.770691334,267149.655835468,265574.507332988,264104.13946278,262346.983214116,260405.729682557,258297.048856108,253891.198446084,-39.2296055488577,-21.836432063421,14.9811726512633,25.2007699133567,24.3714734091766,263443.369892206,277138.445378719,270290.907635463,253732.31655086,57.6203226647374,50.1259701799891,55.7849726879808,73.8387630158208,37.7311823601407
2025-08-18,271577.409375,265629.791134085,267397.400907258,253278.683897872,279845.614240004,270515.00625,261184.398259996,50.1182214456588,646.023216409609,79.6263825177124,9462.078125,3.68218191409881,0.0368218191409881,1.03682181914099,103.682181914099,48.2761263549171,54.6381969996812,-60.3449013295702,57.1428571428571,85.7142857142857,28.5714285714286,9700.69406304364,9462.03387850471,5215.96843426286,27961862,-32650606.6735839,267759.413259346,267427.411507009,268423.416764019,268547.917421145,536846.833528037,4980.02628504677,72044930501.8201,1.0187265917603,516.169939312626,12.4928721020286,5.42558541703408,-0.705774386213566,0.708436670257027,-0.996242029591022,264488.262446263,267546.135016234,271151.093030232,254886.479402794,286504.589134129,266985.964632778,247467.340131427,0.0254081944236964,4830.64531250001,7.00639437529989,-111982.201405154,29354.6003805634,-8.26434868485426,-15.6315805931968,-0.799999999999988,-19.9496225511163,0.289036453772963,0.564706694118878,277885.442670863,263443.369892206,249001.29711355,264339.771852518,269787.348280797,269086.117911109,267767.824185499,267297.289160707,267095.945392667,267059.874637284,265629.791134085,264233.43206207,262546.223362208,260667.715620272,258616.043263712,254302.352800311,-37.9850138784583,-27.9003932435958,14.1745001724351,23.4449436123234,25.2403389908674,263443.369892206,277138.445378719,270290.907635463,260455.364512318,53.4276298703732,51.0484991844447,54.903973873197,71.698691716495,38.109256029899
2025-08-19,271311.8078125,265392.343923822,266776.236391129,254755.089424251,280962.038492172,269718.203125,258474.367757828,47.1706428894154,187.615774468519,101.224260907874,4980.03125,1.93798664079377,0.0193798664079377,1.01937986640794,101.937986640794,-4.7199890381203,56.4837445296174,-44.8275758608059,50,78.5714285714286,28.5714285714286,9612.5047681243,8466.04393417298,6285.49505220309,26252216,-33756848.2029957,263775.368850998,263318.866481999,264688.373588997,264688.373588997,529376.747177994,8466.04393417298,70042016638.2147,1.03250478011472,511.809885968413,12.4759064792331,5.41821734067195,-0.220498996885339,-0.975387201255255,0.226063041017528,264260.203679569,268656.100380141,270803.91411208,255014.422592074,286069.491275642,266680.193605942,247290.895936241,-0.0180187427956076,1245.00156249999,0.606057379212567,-184956.649597433,-2644.51266729438,-7.35558550259589,-13.9763815750766,-0.647058823529416,-11.8700567091321,0.282467389257023,0.0518075165644027,277885.442670863,263443.369892206,249001.29711355,257566.936443345,265868.353827899,266707.198399072,266474.832005388,266324.938290578,266304.16292841,266421.060229499,265392.343923822,264106.539135011,262517.108045759,260723.439261782,258746.761542586,254553.07432735,-36.0068729444009,-32.2485289849295,13.9889958306884,21.9699901879866,27.7231877428961,263443.369892206,275146.420561983,269294.895227095,263194.368509026,48.2953229895636,51.0954107844734,54.1162061205545,70.2082712913599,38.0241409497492
2025-08-20,270432.003125,264688.278388414,265690.269959677,277885.442670863,283783.208395204,267028.99375,250274.779104796,42.6667316622454,-769.573355536268,-72.9352623809546,-7968.046875,-3.03605508532901,-0.0303605508532901,0.96963944914671,96.963944914671,-117.012414615857,48.1471077927065,-18.9655290324601,42.8571428571429,71.4285714285714,28.5714285714286,9779.615473375,11952.0546416341,9365.89071407483,22680671,-31971075.7029957,253483.322926859,253732.324226394,252985.320327789,253483.322926859,505970.640655577,5976.03118884537,63992644064.1613,1.02390438247012,504.459441506451,12.4469748862317,5.40565250947879,-0.782335234271895,-0.62285759304735,1.25604189947223,263195.435498629,267809.949951299,267299.616427447,254994.269575067,285038.387029741,265423.348779363,245808.310528984,0.0472218865603861,-5317.45156250001,-8.9887709767514,-195819.487907056,-15982.3270881565,-9.35483896280336,-13.052073052622,0.500000000000007,-5.89770512818768,0.305841776193748,0.814760753803972,277885.442670863,263443.369892206,249001.29711355,250794.101034173,260173.840976449,262631.241641048,263809.164476413,264171.190987746,264484.95757404,264928.343716436,264688.278388414,263571.694078899,262125.021220356,260451.956168878,258579.411212484,254550.656419076,-37.6662375331796,-35.1393729985831,14.7271247362507,20.0520517375996,32.9415893388458,263443.369892206,273652.423234773,268547.89656349,265933.382844178,44.321429165178,51.0019038982045,53.3584491328094,69.3179346039864,37.3989636616324
2025-08-21,269236.796354167,263354.922726258,263986.35141129,277885.442670863,281752.185307858,260455.359375,239158.533442142,37.2975096792329,-2344.99918838288,-527.348047581339,-13446.078125,-5.22244022451877,-0.0522244022451877,0.947775597754812,94.7775597754812,-168.090907991571,36.0004486351789,0,100,64.2857142857143,-35.7142857142857,9828.07597527679,10458.0625,11905.2876227127,16379541,-38272205.7029957,246013.275956633,245515.273373724,247009.281122449,245888.775310906,494018.562244898,5976.03099489797,61004656724.016,1.02448979591837,493.985086439864,12.4050106546785,5.3874276752779,0.931257887414355,0.364360737633121,2.55586782885495,260801.740567266,264703.965984172,261384.365776824,254292.351341083,283254.863003153,263574.770415293,243894.677827433,-0.0879605296981803,-15067.2078125,-31.8435601430925,-56677.1285750895,-9130.94199889725,-14.4590484636948,-13.3334681348365,-1,2.71103972737972,0.358306131999449,2.88827036913505,277885.442670863,260953.354147932,244021.265625,244021.265625,252097.553300725,256427.916302366,259411.853620543,260507.568194519,261336.697274187,262314.958955007,263354.922726258,262485.559164793,261241.911191314,259737.578319144,258008.503542387,254205.430491402,-42.2852539212133,-37.5245319058044,15.8529474021725,18.5279125110619,34.7811093809564,260953.354147932,271162.407490498,266057.880819215,265933.382844178,39.1040730562728,48.9116017170733,52.4477373205232,68.5765380418475,36.3189365991989
2025-08-22,267709.5875,262493.140413274,262745.093380376,276530.875589029,271477.793750175,255375.73125,239273.668749825,41.8042213784946,-3075.86309801051,-1037.05105766717,-10956.0625,-4.1984753621262,-0.041984753621262,0.958015246378738,95.8015246378738,-116.947271764179,43.838527958027,-17.6470588430555,92.8571428571429,57.1428571428571,-35.7142857142857,9659.6447627748,7470.03900024903,9001.32658208519,19443603,-36521313.1315671,248669.28998589,249001.291708167,248005.286541335,247631.784603772,496010.573082669,6972.03616782866,61494469830.3682,1.02851323828921,499.997296867693,12.4292053842859,5.39793531283757,0.939688940109259,-0.342030255732351,-2.74738542675766,258980.157506474,261014.326546943,255650.068480976,254156.695924262,281598.29270908,262155.200850588,242712.108992096,0.00131380982781827,-7982.59687499999,-8.74999117568851,22663.3331956881,-24992.7422135761,-18.5379820468728,-14.3743709172438,0.571428571428562,-11.9957824766754,0.347402524309012,0.721768907783026,277885.442670863,260953.354147932,244021.265625,248236.024483039,251047.425087862,254284.376493244,257319.729899311,258596.609772788,259592.174135851,260775.251195006,262493.140413274,261791.76681536,260693.393419787,259314.087821573,257694.338575038,254067.458897421,-49.2695760080715,-39.6101347579913,16.698288485404,18.609229001725,32.8598428141182,260953.354147932,266182.371332908,263567.86274042,269045.90166868,38.7328518173212,47.3175486463886,51.8827161858144,68.137340559071,35.6280918125578
2025-08-25,266547.58125,262233.153531772,262148.561525538,275230.491190468,266390.145342395,253782.11875,241174.092157605,47.5550587014579,-2938.070534636,-1417.25495306094,2988.015625,1.16959067904123,0.0116959067904123,1.01169590679041,101.169590679041,-36.2811886587837,50.7911019658158,-42.6470665607513,85.7142857142857,50,-35.7142857142857,9716.67422482337,10458.0572314548,7048.10113067988,22627312,-35035582.2649005,257301.337708735,257591.839219051,256720.334688102,256720.334688102,513440.669376204,7470.03883670524,65891379872.3157,1.02952755905512,508.392902930401,12.4625091592005,5.4123989585095,-0.98080473152766,-0.194992509120108,5.02996107877929,258545.200268154,258212.705847538,252521.555777309,254298.833047257,281209.671159124,261692.928170411,242176.185181699,0.061434916491094,694.975000000006,1.69492366665928,204483.978027228,-12539.6870649842,-19.6114001157177,-15.4217767569386,0.466666666666658,-15.7925284136351,0.316770176046821,0.153757920707397,277885.442670863,260953.354147932,244021.265625,252450.783341078,254755.384418931,255677.365578829,257573.866310576,258572.379586827,259418.507922643,260486.26276438,262233.153531772,261606.85442284,260584.610509065,259277.098948896,257724.495640723,254211.586269637,-47.7971884912536,-40.9257826186905,16.3723422718995,23.7682859142552,30.3335683835888,260953.354147932,260953.354147932,260953.354147932,269045.90166868,44.2884812975689,45.7653401710444,51.4923643331063,67.5989847053559,35.3857439608567
2025-08-26,265269.375520833,262118.457134561,261755.514952957,273982.122167849,265352.095671171,253483.31875,241614.541828829,48.8362060899774,-2637.72388344933,-1661.34873913862,-5478.015625,-2.05992031838802,-0.0205992031838802,0.97940079681612,97.940079681612,-15.4130089200166,50.6820329745076,-48.5294348885042,78.5714285714286,42.8571428571429,-35.7142857142857,9413.91382241179,5478.02859106119,6634.84800137999,24677937,-33730639.0830823,259293.35331023,259583.854826422,258712.350277844,259085.852227235,517424.700555688,5478.02859106119,66924577986.9748,1.02140077821012,510.348272628604,12.4701867603277,5.41573329831332,-0.998768544846429,0.0496124361964455,-20.1314150527038,258893.341581498,256481.963963068,252873.318133952,254430.921760279,280553.10592973,261464.397231347,242375.688532963,0.085569570501191,1952.0234375,-2.35294703898976,53214.5972786185,-31539.4709936998,-19.1125809661886,-16.1599375987886,0.636363636363623,-17.6046519165902,0.20560744649064,0.21160334188078,277885.442670863,260953.354147932,244021.265625,256665.542199117,257605.371896966,257270.030177553,258214.19810267,258914.739548313,259578.023530698,260482.399840708,262118.457134561,261542.882475738,260578.305575696,259328.327663074,257831.588336185,254416.300141944,-47.5863970777353,-41.855928245081,15.9546165085421,23.5360843381122,29.0727316638195,260953.354147932,260953.354147932,260953.354147932,269045.90166868,48.0829284229133,44.5925788630103,50.9801543756329,66.557972883181,35.4023358680848
2025-08-27,263991.169270833,261914.772400073,261348.54516129,272783.687906135,267063.06094383,254379.721875,241696.38280617,47.8912774850873,-2491.53075777943,-1827.38514286678,-8964.03125,-3.34571940041141,-0.0334571940041141,0.966542805995886,96.6542805995886,-28.1667745421935,48.9290662569708,-44.1176471076388,71.4285714285714,35.7142857142857,-35.7142857142857,9132.77971353073,5478.03629807691,7090.20208489596,21876343,-32049682.6830823,257965.338581731,258214.339873798,257467.335997596,257965.338581731,514934.671995192,4980.02584134616,66283228941.354,1.01953125,508.882445904749,12.464434077612,5.41323493995374,-0.138241263085971,0.990398582985858,-0.13958144272501,258849.534765757,255502.602002164,255311.806890162,254565.684919413,279813.230443702,261131.153550431,242449.076657159,0.0882639510009526,-1622,1.84048087798576,-22130.9843199275,-41536.8705743334,-18.5913230394106,-16.646214686913,0.599999999999995,-22.0253844580304,0.243542411927351,0.163586558185188,277885.442670863,260953.354147932,244021.265625,260880.301057156,258283.357823483,257833.801368369,258380.230468743,258923.213039529,259483.149718283,260292.267829369,261914.772400073,261399.463657642,260499.429389077,259312.371840767,257875.89247006,254565.317965159,-47.8472312851715,-42.8525974098157,15.6640954675516,22.5276746593157,28.6061125639352,260206.354161958,260953.354147932,260579.854154945,271162.411615291,48.2638341644873,44.2899699693627,50.4645818859533,65.5313667316201,35.3977970402865
2025-08-28,263091.040104167,262295.345551681,261595.157224462,271633.19101489,270488.663215104,259138.2,247787.736784896,53.6178437858493,-1642.43109227988,-1790.3943327494,-9075.78125,-3.27776362000085,-0.0327776362000085,0.967222363799991,96.7222363799991,13.0588794687302,56.756127158058,-70.2582867812711,64.2857142857143,28.5714285714286,-35.7142857142857,9584.7510672929,15460.3786662011,6345.10183127066,25712367,-28213658.6830823,262660.1966946,263948.56158345,260083.466916899,260332.827863128,520166.933833799,15460.3786662011,67583653936.3883,1.06126482213439,517.507155747628,12.4980467051511,5.42783271861626,-0.740815236409631,0.6717088547156,-1.10288145110621,259934.723046998,255875.339660444,258658.826940772,255101.215020815,280570.787622246,261276.776707018,241982.76579179,0.149097148677323,4949.95468750002,7.92724596635941,105438.273203675,-20640.6966777167,-15.471656499914,-16.4113030495132,1,5.59581761540826,0.229345312064914,0.715751178808404,276391.442698915,260206.354161958,244021.265625,265095.059915195,263048.507036741,261160.419662246,260476.547309023,260539.657259614,260764.766107778,261232.441381948,262295.345551681,261755.80769055,260856.220943268,259681.992902038,258265.608696724,254999.689712203,-45.9628704422064,-43.6007379535211,14.6118802559774,25.7869610950407,25.310182586531,257467.347765771,260953.354147932,259210.350956851,273154.41934481,50.8388470499905,45.3193000231322,49.9351839332819,63.7815624420623,36.0888054245016
2025-08-29,263087.340104167,262683.54099996,261932.017540323,270528.713999294,271498.90399108,262801.215625,254103.52725892,53.9250516767968,-918.681071250001,-1616.05168044952,-7083.0625,-2.57196072828911,-0.0257196072828911,0.974280392717109,97.4280392717109,53.8016662229946,56.0141250285484,-71.730989777492,57.1428571428571,21.4285714285714,-35.7142857142857,9185.10992626746,3989.77509293682,4862.1556084158,27604494,-27267595.1830823,267647.41248451,267813.653113383,267314.931226766,267564.292170074,534629.862453532,3989.77509293682,71453292880.4475,1.01503759398496,517.98877883599,12.4999071590921,5.42864070349666,0.998320278601324,0.0579363558862257,17.2313267434667,261062.444039934,257249.552698187,261820.085896873,255387.029299653,280611.791802683,261883.503923922,243155.216045162,0.115364998072801,3665.81406250002,15.7391160917644,152484.036161243,8744.44082966068,-11.5527113165506,-15.4395847029207,0.5,-2.57663129752567,0.234227710841495,1.39759316742511,270913.429906542,257467.347765771,244021.265625,269309.818773234,265680.441018371,263544.40477483,262217.842351462,261952.878666957,261925.936706581,262117.433084205,262683.54099996,262120.061429964,261219.935775304,260057.226906297,258659.599532147,255436.171197049,-44.5417993260564,-44.3292696699209,13.7972953206557,26.1503823530409,24.5248765520874,256665.542199117,260953.354147932,258809.448173524,273154.41934481,54.0871139456329,47.0801656209212,49.4817910238289,62.234100090019,36.7294819576388
2025-09-01,262668.014583333,262210.126056414,261432.551041667,269468.416064322,272351.639745292,262177.66875,252003.697754708,45.4888486130235,-1375.55701834906,-1567.95274802943,-11085.796875,-4.16084463578512,-0.0416084463578512,0.958391553642149,95.8391553642149,-43.9768393911128,50.8814368999192,-33.4404811747325,50,14.2857142857143,-35.7142857142857,9526.4741752213,13964.2094116211,5687.42268664613,25767440,-28492297.849749,256675.534423828,256343.053161621,257340.496948242,257215.816474915,514680.993896484,5984.66271972656,66215177322.601,1.02352941176471,505.317335320094,12.4503732373911,5.40712839463486,-0.0999168724643215,-0.994995788230759,0.100419392369477,260508.536359938,257991.314650974,263161.199432612,255386.122780072,280575.80125466,261387.506828675,242199.212402691,0.14325530244329,-11981.8,-12.5939668308959,-324942.135489991,-6809.5020472902,-11.4259186799478,-14.6368514983261,-0.666666666666667,0.347668187797834,0.220136041778445,1.11140443255902,269309.818773234,256665.542199117,244021.265625,254348.165588379,260513.025196685,260811.472974887,260690.679467804,260751.55697751,260913.578655569,261270.955120554,262210.126056414,261743.702982466,260933.383267972,259852.373970154,258529.639133828,255433.201956981,-44.0399619914034,-45.2218351195879,13.7142156613003,23.4123347008592,30.1837620905215,256665.542199117,260953.354147932,258809.448173524,273154.41934481,49.7032544512758,48.3476375645617,48.6988111451023,59.8417183136871,37.5559039765174
2025-09-02,262282.1046875,262056.834657613,261249.718447581,268450.530046749,272323.212824459,262053.41875,251783.624675541,48.4927068567288,-1359.77541543977,-1526.3172815115,-2115.25,-0.807503406401489,-0.00807503406401489,0.991924965935985,99.1924965935985,-19.8089102794591,48.9480056472043,-46.694900421127,42.8571428571429,7.14285714285714,-35.7142857142857,9237.86486256154,5485.94379798463,5740.98941635382,27352150,-27483846.0315672,258670.424944018,258961.346051763,258088.582728527,257839.221779031,516177.165457054,5485.94088891553,66602192647.9605,1.021484375,509.739256262454,12.4677986654976,5.41469616190633,-0.671193826325845,0.741281894762089,-0.905450181730476,260408.880284297,258767.349273539,262873.380917001,255470.948639434,279906.211209858,261128.737125375,242351.263040891,0.149729266036023,-11919.459375,-9.34686337205892,25897.1948841106,17825.6849295061,-10.9468256543389,-13.8988463295287,0.636363636363642,-7.1453329026474,0.214405716444778,0.875880492449248,269309.818773234,256665.542199117,244021.265625,263325.159645391,260173.567285843,260485.685108258,260500.330558292,260584.748322509,260747.506458558,261091.34940236,262056.834657613,261637.614448718,260879.760151242,259851.579857321,258580.79482956,255577.494003474,-42.2317438619755,-45.7291136005652,13.5770703926346,22.8048392670598,28.90340347312,256665.542199117,260953.354147932,258809.448173524,274648.429634444,46.7769901273204,49.3784908523496,48.0537526341681,57.382556300678,38.7249489676583
2025-09-03,262095.4921875,262042.135647445,261220.485887097,267473.359469879,272452.654388423,262626.95,252801.245611577,49.81631422746,-1172.77832153148,-1455.60948951549,7349.671875,2.88812137675476,0.0288812137675476,1.02888121376755,102.888121376755,19.2789655927881,47.28882881466,-55.0127802339088,35.7142857142857,0,-35.7142857142857,9130.17376693639,7730.18952380953,5492.73573483287,29790046,-26933353.3864059,261247.157777778,261392.618333333,260956.236666667,260644.53547619,521912.473333333,7730.18952380953,68083218497.7108,1.03006789524733,511.692290346454,12.4754468979046,5.418017747037,0.686400764690277,-0.727223480253906,-0.94386496493571,260171.444459504,259674.311428571,261585.879157346,255659.070166797,279751.634615387,261140.015282746,242528.395950106,0.139431295205667,-13764.728125,-18.9207492857617,90928.8518891682,34226.3494255347,-9.03792716950312,-12.9266624975235,0.225806451612904,-1.52927335009877,0.212332392645394,1.64952364373822,269309.818773234,256665.542199117,244021.265625,272302.153702404,261001.283642921,260933.456738839,260795.590434227,260810.975900234,260913.890080318,261183.555727065,262042.135647445,261648.246979345,260926.064534108,259937.554646133,258708.175424479,255782.461413196,-39.1170807333353,-45.3770943574676,12.9676317642007,24.5470627945354,27.1554164721832,256914.543615327,260953.354147932,258933.948881629,274648.429634444,49.113955948912,49.7263446078026,47.5232610505304,55.0260681275238,40.0204539735369
2025-09-04,261992.024479167,262221.439395997,261396.347278226,244021.265625,270828.634716839,262028.4875,253228.340283161,51.8164802597453,-774.200147426367,-1319.32762109767,20800.078125,8.52387929048961,0.0852387929048961,1.0852387929049,108.52387929049,96.2657052638532,53.1465069995512,-77.3462407385207,28.5714285714286,0,-28.5714285714286,9083.61028055716,8478.28495762713,4919.43184721464,31980005,-28449478.8479443,266317.509533898,265943.468087924,267065.592425847,266317.509533898,534131.184851695,6483.38506355934,71313522087.2983,1.02457466918715,514.607951502889,12.4868107030822,5.42295298491907,-0.711067765269135,-0.70312348360381,1.01129855829108,259982.014575019,260978.042452651,261113.698822216,255905.36126161,280161.976835103,261633.109973332,243104.243111561,0.118071342091371,-16707.178125,-13.0390132659439,180867.796506888,51804.6231267792,-5.72466777932842,-11.4862635538845,-0.69230769230769,0.0566947365443715,0.213011703900828,1.1640849203574,270307.284957627,257413.276707524,244519.26845742,281279.147759417,262911.313696461,262229.419075892,261690.202282177,261540.133691101,261515.036798731,261638.279229932,262221.439395997,261824.53013327,261116.078154395,260149.893302823,258947.907515676,256078.818211124,-33.7645864521033,-43.6543177401378,12.2967430806324,27.2244348448546,25.3449783395151,261330.281270713,260953.354147932,261141.817709322,274648.429634444,50.9089439678,50.1859238651744,47.6293195651141,55.2281613561726,40.0304777740557
2025-09-05,262137.941145833,262903.983628513,262093.692473118,244021.265625,274565.12225143,262926.1875,251287.25274857,56.7651454882374,183.442796928692,-1018.7735374924,22803.578125,9.1215298765418,0.091215298765418,1.09121529876542,109.121529876542,165.26932473491,59.8135372793125,-95.0582085053944,21.4285714285714,100,78.5714285714286,9111.61646954713,9475.69692641683,6506.36232247057,35083432,-28449478.8479444,272800.875,272800.875,272800.875,272676.194526965,545601.75,2992.3313528336,74418078889.0343,1.01102941176471,522.303431924394,12.5164974124243,5.43584575897221,-0.626399432236609,-0.779502245855426,0.80358900255534,260593.453150825,263294.998175054,262853.779966767,256553.455145062,281246.699853863,262696.706642539,244146.713431214,0.0755218436899523,-16208.4765625,7.95077318200223,55299.7246721026,35228.5949762097,-0.191283633259558,-9.22726756975953,-1.94522778563101e-14,-10.4652376418622,0.207635178692679,0.699049259951629,274297.040676417,263325.159130108,252353.277583799,290256.141816429,267856.09434823,265753.237717262,264159.240663915,263587.54120181,263251.319598926,263033.60370119,262903.983628513,262434.327070311,261686.068244425,260699.935985309,259491.161142512,256627.082368136,-26.8460508930346,-41.3264135625579,12.0897100268584,28.3298275680428,23.4622618197543,263325.159130108,260953.354147932,262139.25663902,274648.429634444,54.6455977184024,51.5497056232069,47.8999290689346,55.9461459860322,39.853712151837
2025-09-08,262516.4265625,263767.722587964,263006.853528226,245232.296627057,279851.524062437,267115.453125,254379.382187563,58.7607095130628,1210.13165308232,-572.992499377453,17828.59375,6.8979196397168,0.068979196397168,1.06897919639717,106.897919639717,163.413680079892,64.60068120672,-94.1781553726714,14.2857142857143,100,85.7142857142857,8852.64030282085,5485.9501353791,7119.68009559237,37101731,-28045819.0479444,275959.456227437,276042.576545578,275793.215591155,276416.617977211,551586.43118231,4987.21908844769,76055679677.5504,1.01824817518248,525.634794795778,12.5292133302469,5.44136821191489,0.990102790963751,0.140344089030463,7.0548235968017,261953.259600771,266272.919126082,266348.638701595,257046.793698133,282130.91421492,263959.825650624,245788.737086328,0.123526818473881,-21445.046875,18.1275513700355,73940.7695061345,37531.5030014893,6.22908847380936,-6.13599636104575,0.199999999999991,-14.8896928478022,0.203782105861028,1.62014694310237,278286.825135379,265320.051359589,252353.277583799,299233.135873442,272074.015924115,269266.137644841,266855.395516378,265897.431437844,265257.568506784,264690.895426041,263767.722587964,263204.194316405,262398.549671526,261377.849094643,260150.015117316,257271.831716722,-21.1758022689494,-38.3919030282484,12.2926466612082,30.2950626715622,22.4237152943406,265320.051359589,261154.04538019,263237.048369889,274648.429634444,58.3656991110368,52.3364530254733,48.1684531902014,56.7911458936218,39.545760486781
2025-09-09,263393.442708333,265283.601372611,264603.46108871,247215.568337556,290606.310242478,272601.4,254596.489757522,64.332707546032,2875.97861556069,116.801723610175,26808.484375,10.2929286766572,0.102929286766572,1.10292928676657,110.292928676657,183.296734991756,74.0723929075314,-98.8598373846025,7.14285714285714,100,92.8571428571429,9039.63943840185,11470.6282009549,10065.0508077407,41260073,-24249072.0044662,283772.790093316,284645.553507487,282027.263264974,282151.943752713,564054.526529948,11470.6048719618,79506483530.6988,1.04151624548736,535.970002658731,12.5681563886315,5.45828096727977,0.244400695453949,-0.9696743268034,-0.252044102538667,265074.810896689,270595.721703869,271567.132626899,258578.525920489,284256.371601343,265846.774645166,247437.17768899,0.149950079407143,-17554.990625,39.6800307725999,171963.483569528,59097.5549892066,14.2104038820283,-2.06671631243094,0.913043478260867,3.54357226095927,0.252486847538369,3.62675036414905,287762.565700955,270057.921642377,252353.277583799,308210.129930454,279668.929837058,275265.373013227,271390.606234961,269782.233676418,268643.149313432,267512.513966536,265283.601372611,264540.84150716,263611.490846086,262503.327123137,261213.302514676,258255.176373551,-12.6798480923902,-34.4844160068283,13.3019191994517,35.0366948828545,20.3912635259353,270057.921642377,265891.915662977,267974.918652677,274648.429634444,62.3720029318224,53.9168167621182,48.6837900791462,58.4967656625607,38.8708144957316
2025-09-10,264785.828645833,267731.300477604,267173.105913978,250459.328126628,307475.87641084,280880.1875,254284.49858916,70.5629491547998,5421.44478427671,1177.73033574348,44261.59375,17.0919694457293,0.170919694457293,1.17091969445729,117.091969445729,229.109774533591,88.748260760583,-98.3292708885347,0,100,100,9605.13216589852,16956.5376233553,14867.442078269,46525626,-19861111.1711328,299898.124588816,300729.327816612,298235.718133224,298360.398617393,596471.436266447,11969.3264802631,88908727376.3419,1.04095563139932,550.656823711465,12.6222235812742,5.48176205069647,0.429403187072146,-0.903112896005967,-0.475470108965545,270439.760596903,277176.138524756,279030.125774819,261365.305833224,288274.531224789,269089.760354085,249904.989483382,0.252323940700447,-10572.8875,67.1805481209109,368440.481101779,88320.0225334403,22.8322173885765,2.91307042777054,0.83333333333333,22.8986543025624,0.333971352681524,6.1635457849488,304220.381373355,278286.829478577,252353.277583799,317187.123987467,291445.933668529,284584.561175485,278464.457627192,275862.361644342,273963.11672675,271976.316908219,267731.300477604,266689.846840095,265543.756536521,264273.744965609,262860.739180767,259729.529197369,3.59475740786601,-28.9780129123758,15.2991696359441,42.8575905066838,17.8199562999702,279284.273480867,274120.823499178,276702.548490022,274648.429634444,68.5409853288542,57.7186618476386,49.3786301372473,61.0431709709015,37.714089303593
2025-09-11,266244.7578125,270214.135930662,269845.971807796,255835.433451301,316368.543096806,289158.96875,261949.394403194,71.5658508993236,7592.67603003106,2460.719474601,38401.59375,14.3389229241367,0.143389229241367,1.14338922924137,114.338922924137,200.849466003817,89.560324226123,-87.0967755744257,0,100,100,9702.75579609144,10971.8629885993,15210.6144695733,51673714,-23383487.1711329,308376.378257329,307836.096192997,309456.942385993,308584.179051303,618913.884771987,9475.7162052117,95741151891.4877,1.03109656301146,553.367192739143,12.6320435650152,5.48602681544757,-0.878379886132561,-0.477963153012603,1.83775648937817,276423.014953554,285019.820293561,287809.004633288,264018.626397883,292154.061637565,272831.343011537,253508.624385509,0.152258736670543,-15310.7625,66.0303887240961,206541.023568916,94326.3544676262,29.7499694270503,8.28045022762648,-0.684210526315792,1.37821975891697,0.377344994922016,5.79401917418619,314194.800488599,284271.483038489,254348.165588379,326164.11804448,298830.591834264,291794.790783657,284631.300376705,281381.068618098,278924.983384173,276256.183544692,270214.135930662,268885.702571201,267527.731827422,266097.288662757,264560.916075639,261253.651190898,19.2024694950125,-21.8953163767015,17.6418335225667,46.7388059888612,16.3806024171415,284271.483038489,279108.0330568,281689.758047644,279108.0330568,72.2815492368593,61.2038336505579,50.0927111050217,63.3937128446169,36.7917093654264
2025-09-12,268086.521354167,273920.340870619,273808.265658602,262838.557495777,335211.401662255,300130.85625,265050.310837745,77.4858829856565,10917.9741453084,4152.17040874248,59347.9375,22.118971404133,0.22118971404133,1.22118971404133,122.118971404133,199.31583167846,90.0466538695384,-98.6928108421853,21.4285714285714,100,78.5714285714286,10612.7379802041,22442.5063736682,19610.6210573924,55916230,-19949069.4568472,324834.221524607,325540.744268455,323421.17603691,323919.897973744,646842.35207382,10473.160673516,104573835335.475,1.03291536050157,572.416205658086,12.6997327181063,5.51542384111976,-0.998611032665835,0.0526878110958759,-18.9533596460985,284931.939392035,295393.218007305,298546.491275086,267094.168490957,298384.831440113,277783.99810802,257183.164775926,0.178026055475029,-2244.22812500002,70.5238530055962,344723.891927737,168733.690847374,38.4273778203247,14.3098357461661,0.809523809523806,17.3683590702774,0.449032506691365,6.52018064321131,328657.756373668,291502.960981024,254348.165588379,335141.112101492,313245.452167132,303749.964689104,294193.30307077,289795.476596626,286422.72632507,282681.699664105,273920.340870619,272150.958678357,270461.028445597,268773.941873072,267035.402209928,263430.918774803,41.3953310047531,-12.4025060437952,20.3871129645852,49.4132371412995,13.9063221102081,292001.684328869,286339.510999334,289170.597664101,286339.510999334,75.7935690533766,65.3414084489142,51.0571163026719,66.4404599589709,35.6737726463728
2025-09-15,270526.007291667,277548.312830579,277812.613071237,272053.245338681,343042.608819177,310903.25,278763.891180823,78.057946386864,13597.7624932287,6041.28882563973,74808.296875,29.2968800435244,0.292968800435244,1.29296880043524,129.296880043524,163.711981849346,90.7183247493088,-88.1355946013416,14.2857142857143,100,85.7142857142857,11030.2440617055,16457.8231212236,17966.4477682343,60137486,-21100321.0932108,331650.071988293,331276.03055372,332398.15485744,333395.598682968,664796.309714879,16457.8231212236,110420818367.158,1.05076923076923,574.590207234687,12.7073142072959,5.51871644003939,-0.712245163548928,-0.701930785050179,1.01469429567477,292747.781507871,306833.700273268,309457.921655671,270092.373736956,304130.674359943,282914.100382332,261697.52640472,0.178748396300887,-6682.86562499998,70.6737675680052,349994.242451163,204744.47391038,44.7723545106666,20.4023394990662,-0.272727272727271,41.633657695329,0.469949674150525,6.3188580855593,340627.066418051,297986.33935106,255345.612284069,344118.106158505,321699.679208566,312551.278542736,302184.54822171,297133.372897239,293150.600159675,288615.725487342,277548.312830579,275373.344654559,273372.876143372,271442.635976416,269510.637662479,265618.557708416,65.9760681641846,-0.379415818666294,23.3143728323562,51.897958575349,12.4242329484426,298859.104161407,292324.166021526,295591.635091466,292324.166021526,79.078021080432,69.2521413970241,52.1199719576503,69.1699518764438,35.0699920388568
2025-09-16,273530.7109375,282036.19184151,282753.544052419,283025.056711381,355454.636502024,322872.56875,290290.500997976,81.500262890828,16895.0092758645,8212.03291568469,87276.328125,33.5892498236405,0.335892498236405,1.3358924982364,133.58924982364,151.930192831517,96.6679060812401,-94.0594059555629,7.14285714285714,100,92.8571428571429,11881.026197692,22941.1939655172,18213.9295852575,65978621,-18374458.0932108,343619.384249282,344492.147561961,341873.857623922,340377.691945043,683747.715247845,22442.4851831896,116751818241.363,1.06787330316742,589.160790871219,12.7573982719826,5.54046767296413,0.837778858270251,-0.54600969280352,-1.53436627465096,301909.958406557,319591.873250812,320868.995524056,274964.126915661,311145.42066399,288695.555988708,266245.691313425,0.223746944663787,5037.08750000002,77.2677642629629,364070.200290012,235093.512621584,51.1393304536368,26.5497376899803,0.466666666666668,80.9757900508711,0.527966417988082,7.41931650374811,353095.100215517,305093.12106014,257091.141904762,353095.100215517,334405.058354283,324070.998195158,312168.079172441,306220.111915923,301452.113596648,295927.564488924,282036.19184151,279358.738701528,276969.830355891,274732.540390485,272553.767067872,268290.422619615,94.9544913674886,14.5174255258697,26.3611351548181,52.2358476157986,10.7106464206549,308459.500054793,298558.182920259,303508.841487526,298558.182920259,81.0769650580153,72.8932276888036,53.2700351886868,72.090995529879,34.4490748474946
2025-09-17,275870.715104167,285301.437529154,286567.530443548,295637.664542125,355037.04320624,328757.48125,302477.91929376,71.234978141953,18132.047959971,10196.035924542,70818.5,27.0476150464616,0.270476150464616,1.27047615046462,127.047615046462,106.002965622569,86.477454196665,-79.2929266182024,0,92.8571428571429,92.8571428571429,12065.4484335712,14462.9375,14690.7217382677,61479755,-22873324.0932108,335639.831334333,334891.74850075,337135.997001499,336761.955584708,674271.994002999,8976.99400299852,113640533868.862,1.02698650674663,576.756014272933,12.7148386497352,5.5219842638702,0.0381161197895654,-0.999273316671764,-0.0381438382809191,308598.777118231,330532.239943182,329504.464463407,277703.773275722,315940.104546476,293166.439354958,270392.774163439,0.130571545972355,-12368.309375,54.1666666666667,-94538.8157694298,204492.777924216,53.5452511774376,31.9488403874718,-1,67.8684567242843,0.49986510316142,5.37351297856489,353095.100215517,308459.500054793,263823.899894068,332647.5,333526.279177141,326929.832130105,316719.061578566,311025.091567573,306251.403812548,300517.556427809,285301.437529154,282319.225440332,279685.814240969,277250.582112638,274910.384045603,270400.490730447,120.642027500194,31.6737159650138,29.1902715971042,47.763290757996,9.79357553377015,312199.90476955,298558.182920259,305379.043844904,298558.182920259,77.2851604040559,74.6577017664581,54.0677474567159,73.3873730279449,34.7481218854868
2025-09-18,279108.178645833,289771.748011144,291646.274630376,305980.002963336,359493.60551585,338432.68125,317371.75698415,76.144503164656,20645.1033625049,12285.8494121345,89769.90625,33.8982896842128,0.338982896842128,1.33898289684213,133.898289684213,114.147196237563,87.3994586105408,-98.5294115973238,7.14285714285714,100,92.8571428571429,12877.9103748742,23439.9156118144,11773.4145818539,66006041,-19009421.410284,348772.828176278,350227.433632208,345863.617264416,345988.297732068,691727.234528833,20447.5966947961,119517115694.578,1.06092124814265,595.475650215859,12.7787209966269,5.54972801461627,-0.307734132833054,0.951472387139789,-0.323429389010574,317450.14633641,341255.135448458,336775.004419303,281259.459284078,322441.259402493,298462.285909369,274483.312416245,0.28368705182469,7530.68437500001,61.1307394676099,394272.167603768,242156.382694401,58.3449864401558,37.2280695980086,0.853658536585359,93.1875693648389,0.496498122015626,6.6997573743281,356087.415611814,313696.062467699,271304.709323583,340253.010227273,344058.764588571,336150.304753403,325135.103449995,318946.21128256,313688.303226002,307276.768124333,289771.748011144,286334.337915869,283339.737936532,280613.219846871,278035.123886952,273160.843493384,150.7113213065,51.4023128760733,32.1529762832226,49.5755086146519,8.52028996520151,314693.510829373,300054.340618407,307373.92572389,300054.340618407,74.31156286863,76.3045305278915,54.7580529923948,75.0539661912897,34.4621397934998
2025-09-22,282079.825,293664.070720103,296226.569556452,316001.485493031,362391.497758423,342921.16875,323450.839741577,73.3854516642062,22020.6925996753,14232.8180496427,77301.875,28.3363735545203,0.283363735545203,1.2833637355452,128.33637355452,101.864125255882,91.0065926557832,-92.233008435431,0,100,100,12937.6918707878,13714.8513176638,10884.2448017801,61628478,-19725749.9011931,350850.832799145,350663.812099359,351224.874198718,350165.090233262,702449.748397436,13714.8513176638,123311887969.239,1.03982621288921,591.694811537164,12.7659819618105,5.54419552209075,-0.499560448747608,-0.866279030132375,0.576673832992669,324849.652016319,350390.444439259,342042.269238789,284287.38921832,327603.181277677,303451.671327443,279300.161377209,0.242657750390801,1396.40312500001,71.4285613329469,167967.52377919,252603.799835851,61.9602986537682,42.1745154091605,-0.163636363636362,116.592974106835,0.510173509252938,7.32411480899106,358082.29985755,315690.952952241,273299.606046931,347858.520454545,347080.757294285,340801.119835602,330683.469349996,324611.036503913,319290.525806617,312630.015858791,293664.070720103,289877.027476099,286596.470232311,283634.503766572,280861.30530315,275683.528952617,174.463307097694,73.1399916945892,34.9461687062153,46.9230467615132,7.87513740777023,317187.130343271,301051.782741275,309119.456542273,301051.782741275,75.3735925059261,76.6098752456216,55.6901980922454,76.3242922311738,35.0561039533171
2025-09-23,285566.5546875,297948.789947838,301258.659475806,325259.264653225,367369.054658373,348905.83125,330442.607841627,75.5091747910365,23643.1695080034,16114.8883413148,83785.28125,30.3249099514531,0.303249099514531,1.30324909951453,130.324909951453,102.150986225329,91.4044957911453,-98.0997625156958,0,100,100,12868.5250506247,11969.3563885042,10321.255656222,64943814,-17736548.3011931,358082.331111496,358581.053021122,357084.887292244,357209.56776965,714169.774584488,9974.43819252076,127484744378.2,1.02832861189802,600.064345508046,12.794073783959,5.55639564543644,0.42156107405451,0.906800011492064,0.464888695094817,333460.993519298,358552.465827246,347278.436063792,286795.866668164,332795.46139845,308654.591306877,284513.721215304,0.249457363361651,10173.9375,72.5631728120943,176302.909897325,253085.958316718,65.768633208324,46.8933389689932,0.6,114.064025137859,0.516463875249555,7.78979012595806,362072.106388504,319182.033608749,276291.960828993,355464.030681818,353578.988022143,347226.486140402,337215.413661108,331059.433275929,325565.401644061,318560.916220192,297948.789947838,293777.038102426,290180.896989271,286958.1000702,283967.81171283,278450.535175482,200.623247284026,96.840335625302,37.6250349481989,46.020186935318,7.35193010672773,327161.580640798,303046.686006752,315104.133323775,303046.686006752,75.0044396098689,77.0824992058942,56.6870200656586,77.6935226115374,35.6805175197797
2025-09-24,288588.3140625,301731.8458383,305840.569254032,334094.346669692,370065.85241994,350800.975,331536.09758006,73.3044141042129,24366.4137295368,17765.1934189592,69322.3125,24.1319309785222,0.241319309785222,1.24131930978522,124.131930978522,86.1965357142549,83.7510554809232,-93.4673356000497,0,100,100,13053.6574614692,15460.3788024476,10769.3938722966,60778615,-17064742.0108705,355754.953088578,355962.753878934,355339.351507867,356336.795301573,710678.703015734,15460.3788024476,126206298901.853,1.04447632711621,597.148353635845,12.7843311621489,5.55216447854506,0.312568398544019,-0.949895255400103,-0.329055647732825,341339.797364827,364997.557198999,351771.573478129,289648.078271623,337620.20451523,313140.340047991,288660.475580752,0.233215928024355,498.721874999988,67.8571276716446,-64790.7685555738,204949.152799234,68.3284483000928,51.1803608352131,0.161290322580649,90.2845534249529,0.529356648575731,7.25905031058899,363069.540909091,327660.297901092,292251.054893092,363069.540909091,355082.572136071,350346.376176934,341520.023125307,335700.655634851,330337.82542959,323314.071223918,301731.8458383,297266.433555069,293420.177928819,289985.406860626,286815.589929974,281012.358817269,222.385222487833,121.150387300854,39.5229617228113,42.1269594088632,9.18605296218086,333894.312596239,303545.403267045,318719.857931642,303545.403267045,74.9257516306019,76.3619274105431,57.4783914475751,78.7994697866097,36.1573131085405
2025-09-25,291510.425520833,305206.482800345,310163.176008065,341627.897171936,361841.0903916,355389.21875,348937.3471084,72.6517040702882,24575.8104702876,19127.3168292249,52365.78125,17.2697295533587,0.172697295533587,1.17269729553359,117.269729553359,75.6399170438866,79.814270550453,-91.8478331733,0,92.8571428571429,92.8571428571429,12798.0902290731,9475.71620792424,3606.70589318042,58630400,-16047166.4845547,354092.553032959,354466.59446222,353344.470174439,353344.470174439,706688.940348878,9475.71620792424,124829867303.442,1.02718168812589,596.31260153547,12.7815300575686,5.55094797428259,-0.955416777787264,-0.29526053024846,3.23584319578132,348372.448038871,369134.703883929,354761.739015272,291049.806963029,341243.993673134,317040.550808464,292837.107943795,0.225999179081535,-7730.18437500001,65.9420184565983,-87993.6569852181,172223.077182108,70.1148887904038,54.9672664262512,0.473684210526317,59.5395848296401,0.530558326278348,7.09225934302339,363069.540909091,333894.312596239,304719.084283388,347609.165653282,355335.645443036,352093.82370129,344646.399930794,339316.667110332,334222.578248114,327348.402164678,305206.482800345,300506.560510343,296452.789676193,292837.72476886,289512.575373897,283457.485372441,238.929771972308,145.564532020553,41.2853222992372,39.8990352652854,8.70023985186364,340627.068304622,303545.403267045,322086.235785834,303545.403267045,73.3975266580066,75.459500799487,58.3499081039334,79.7049627932811,36.9948534145858
2025-09-26,293468.772395833,307169.925442259,313010.235248656,363069.540909091,368794.360346647,351598.9375,334403.514653353,60.9605713399894,22868.4382817558,19875.5411197311,29424.59375,9.60912095331634,0.0960912095331634,1.09609120953316,109.609120953316,28.4167964608783,73.6694986379311,-69.4444501923625,0,85.7142857142857,85.7142857142857,13558.2215236054,23439.928352526,9612.53359673908,54945076,-18120161.2345547,338632.175195022,337884.092333767,340128.340917533,340627.062825037,680256.681835067,15959.1010401188,115623615068.812,1.04804804804805,579.344322273033,12.7237939704554,5.52587351024263,-0.998116967989517,-0.0613393691801057,16.2720448764126,352216.452399266,369187.607512852,353724.289898618,292672.49017293,344434.159544825,319096.895988136,293759.632431448,0.14285174686038,-34062.7,41.9999995822656,-572317.5009042,70329.5890896707,68.4248525984509,57.6587836606912,-0.562500000000002,61.4151995608159,0.505188747068033,4.63475011384013,363069.540909091,340627.068304622,318184.595700152,332148.790397474,345487.744596518,346609.163717526,342644.943001729,338648.15377209,334440.619094558,328384.832362844,307169.925442259,302458.409579213,298364.35328955,294698.686463692,291321.487859234,285168.382368426,247.900591763075,168.5095609937,40.9383166584463,34.9719601996564,16.2963339423488,343619.392102959,303545.403267045,323582.397685002,303545.403267045,66.8169302306887,72.2876317455926,58.7674884685645,79.8611818038551,37.673795133274
2025-09-29,295892.5203125,309811.083478242,316535.338642473,363069.540909091,368607.001161056,351199.9625,333792.923838944,64.7757644011246,22264.7453188689,20353.3819595586,20447.5625,6.24047579762959,0.0624047579762959,1.0624047579763,106.24047579763,42.6130888241568,73.9835782580827,-82.7586043592355,0,78.5714285714286,78.5714285714286,13622.8427566205,14462.9187858166,9730.83043327206,57221062,-16602837.2345547,345448.024952245,346112.987464183,344118.099928367,343744.058515401,688236.199856734,11969.3252148997,118381450511.784,1.0353982300885,590.006673691069,12.7602676963532,5.5417138481345,0.530700065168439,0.847559697502314,0.62615066140163,357067.303252539,367424.635039232,350781.163188941,293916.223652558,347123.219575487,321606.527318052,296089.835060616,0.150121147609355,-26631.759375,45.2830092015872,209819.933557328,54754.6658792446,67.3528366211618,59.5975942527853,0.666666666666663,50.954299537398,0.488216960396653,5.27172916718123,363069.540909091,343619.392102959,324169.243296828,353344.468321192,346797.809798259,347108.734145018,343858.927890233,340368.103086255,336543.273849242,330850.212692488,309811.083478242,304994.490991479,300790.866543718,297020.825095705,293548.405002009,287231.972290773,254.387018643446,189.444111046952,40.7141772483346,33.3658850183047,15.0605252287658,346861.077970709,303794.404683256,325327.741326982,303545.403267045,62.6268774432265,71.2714199535357,59.4171060319457,80.0649321204456,38.7692799434457
2025-09-30,298565.197395833,312185.318011904,319807.54499328,361832.710888626,363599.605333975,348506.8625,333414.119666025,63.9678991897297,21418.6857146827,20566.4427105834,16457.8125,4.98489104276651,0.0498489104276651,1.04984891042767,104.984891042767,52.544661874992,73.4343093470042,-76.7605563392405,0,71.4285714285714,71.4285714285714,13290.9964279102,8976.99415467627,8437.09973592266,54982448,-18841451.2345547,349604.050134892,348855.967288669,351100.215827338,350227.452506745,702200.431654676,8976.99415467627,123251214947.99,1.02589928057554,588.737393707925,12.7559604662807,5.53984324188172,-0.197415233998142,0.980319960719692,-0.201378368194412,361042.124413666,364542.686697781,347575.923147368,295076.266658738,349411.515122544,324272.958062513,299134.401002481,0.135085378580226,-34611.3,39.7993197492754,279987.588804226,45412.153491935,65.9741074290349,60.8728968880352,-1,22.1388538259853,0.500802387589379,4.46526905051102,363069.540909091,346861.077970709,330652.615032328,374540.14624491,346704.76427413,346943.062346678,344470.659192404,341503.305934209,338092.265372435,332820.400949677,312185.318011904,307306.559200286,303026.030065976,299176.950906761,295629.319266636,289178.849223862,260.573901409434,207.846267718279,40.7731583771034,34.7044405787517,14.3339399467795,347609.165653282,307711.409246445,327660.287449864,303545.403267045,64.2379409288662,69.4094540485172,59.7963435354288,80.3358588218138,39.2568282490438
2025-10-01,301802.878125,315210.767253071,323711.711693548,361074.668923611,365253.82674203,349005.5875,332757.34825797,67.5948908096215,21506.3341932868,20754.4210071241,11969.34375,3.44828113963009,0.0344828113963009,1.0344828113963,103.44828113963,84.5001891097774,72.5906714491656,-93.1624191312096,0,64.2857142857143,64.2857142857143,13374.707409746,14462.9501736111,9083.0418649648,57784885,-17058082.2345547,356752.412297454,357334.25453559,355588.727821181,355090.005902778,711177.455642361,10971.8822048611,126413247803.706,1.03133903133903,599.232660366573,12.7912998746747,5.55519095194099,0.898992071302756,-0.437964902400616,-2.05265779603597,365902.740378913,362544.260869859,347524.243907756,296821.361003787,352694.163642612,327366.239418221,302038.31519383,0.143486391158193,-31718.696875,38.3561617379358,175730.711775306,75442.1009969057,66.1034507646046,61.9190076633491,0.636363636363635,-2.21738783868941,0.470930115579538,4.17630397725917,363069.540909091,347609.165653282,332148.790397474,395735.824168627,352892.272762065,350988.635314452,347717.130760758,344699.028718898,341321.113968984,336102.823487217,315210.767253071,310182.849314159,305760.359392026,301781.42179125,298117.572677749,291470.683060785,263.844749416996,223.75768126459,41.0818493188395,34.9536696215609,13.2267779456113,347609.165653282,307711.409246445,327660.287449864,303545.403267045,65.7459675533101,68.520669967074,60.24756911163,80.7865464954806,39.7085917277793
2025-10-02,306469.868229167,320325.493962551,329691.463508065,332148.790397474,397309.872621716,356785.65,316261.427378284,75.2228822071233,24154.5877398481,21434.4543536689,61841.53125,18.5907097603319,0.185907097603319,1.18590709760332,118.590709760332,276.886215825899,74.4630605100351,-89.4736821411846,0,100,100,15589.8171940508,44386.2443900126,22653.7291293728,65215648,-16151891.6247986,393657.82806574,393865.628861805,393242.226473609,392120.102174858,786484.452947219,20447.5983328065,154534922612.527,1.05338541666667,628.083618039828,12.885346614699,5.59603493217453,-0.687660110506053,0.726032762634581,-0.947147492367584,374149.961765758,365423.962205763,354381.35971699,303626.790983025,362179.876503491,333679.724051318,305179.571599145,0.138841242342775,-9176.47187499999,49.5798345876776,1036129.95902269,146759.633376786,66.8302592884574,62.9012579883708,0.121951219512194,15.959728306098,0.528694094840174,5.66227173489155,403466.025640013,367807.408018743,332148.790397474,416931.502092345,373690.652006032,365488.767292968,358110.886425034,353751.756451826,349500.793550679,343401.099457565,320325.493962551,314866.526088372,310088.587287537,305812.187419891,301896.845562935,294848.333821087,275.408737670817,237.612949749514,42.6862324233112,47.267928434078,10.5368897912387,367807.408018743,327909.651611906,347858.529815325,323743.645632506,71.6872689764284,68.4616910103914,60.7602771982381,81.7181358321321,39.8024185643441
2025-10-10,312566.023958333,327201.651610128,337461.53249328,332148.790397474,437370.725114535,375038.86875,312707.012385465,79.8899959370873,28540.1283362725,22855.5891501896,72314.6875,20.3938161192641,0.203938161192641,1.20393816119264,120.393816119264,299.433820738467,76.32456093952,-90.1531715656545,0,100,100,17593.2694491945,43638.1487660631,34844.5669987135,72051500,-16076772.3720513,426822.817185066,426843.5972638,426781.257027599,426344.875374197,853562.514055199,22691.8459769276,182013511381.598,1.0546218487395,653.380392650407,12.9643189810588,5.63033219510742,0.930211613470472,0.367023642514567,2.53447327561072,385436.59528087,374559.426732278,369788.075454313,311489.666778976,373989.454532131,342550.494825961,311111.53511979,0.150338374787125,9625.32500000001,52.5065892391797,1113339.66204448,251800.98207293,68.0295405089608,63.9269144924888,0.0109890109890117,14.5631725975511,0.597492014565059,5.64111322722588,438127.180016063,385137.985206769,332148.790397474,438127.180016063,400298.294753016,385961.157361979,373398.675552805,367052.516642403,361409.27723519,353839.20421287,327201.651610128,321090.937833463,315786.994614974,311077.133075548,306799.1628938,299178.091318756,289.293458514304,250.371855462471,44.7705629308605,52.965857098791,8.67005949844402,385137.985206769,345240.228799931,365189.10700335,341074.222820532,78.0888265876304,69.4244056690821,61.4515987541531,83.0585465348947,39.8446509734115
2025-10-13,318030.752604167,332797.61965141,344001.734576613,336387.925982218,450029.248591544,388205.125,326381.001408456,73.8941181530089,30616.462454995,24407.7638111507,63836.40625,18.2336203443132,0.182336203443132,1.18233620344313,118.233620344313,155.287312693696,68.4429636171613,-77.4941877925037,0,92.8571428571429,92.8571428571429,18117.7577921092,24936.10625,34560.7357500102,67694966,-12068761.0920513,410115.621875,411071.50546875,408203.8546875,408702.5765625,816407.709375,12468.046875,166591523933.514,1.03101736972705,643.381035040667,12.9334742764272,5.61693651009,0.231266861809765,-0.972890352829476,-0.237711126579853,393533.623407911,385911.221351461,388307.172000135,315604.423022682,381345.891176493,348985.268830631,316624.646484769,0.19605378211261,-16457.840625,41.999987467965,-531670.183664566,173137.305010498,67.3333753465053,64.6082066632921,0.920000000000002,10.1446750302503,0.575495570593523,4.62448228756491,438127.180016063,385137.985206769,332148.790397474,401969.83125,407118.725501508,395287.156991319,382407.671263292,375577.360207421,369490.797083622,361351.698217511,332797.61965141,326249.172189937,320574.904938634,315549.394952698,311000.73126071,302940.749185355,298.755285627665,261.275415278431,45.6356207568647,47.7587948916128,13.1264384947273,385137.985206769,346237.672802221,365687.829004495,341074.222820532,77.3173000940204,69.5816262778239,62.1655519172762,83.7899997546028,40.5411040799496
2025-10-14,323096.911979167,337807.3296739,349964.145698925,340457.496143571,447684.289751033,400972.40625,354260.522748967,72.3203983213673,31615.8275770142,25849.3765643234,50370.90625,13.9889178284762,0.139889178284762,1.13988917828476,113.988917828476,130.175618392323,68.0018472008729,-73.8823593039311,0,85.7142857142857,85.7142857142857,18961.0118137282,29923.3140947752,26112.7367163401,63593691,-14802944.4253847,417097.750354394,415435.344015796,420422.563031592,418801.716851458,840845.126063184,29923.3140947752,176531280324.449,1.07380073800738,640.662255014294,12.9250048296091,5.6132582760721,-0.816424341299813,0.577452417895333,-1.4138382938554,399885.592260626,396997.937671807,403384.345649163,319160.427113183,389207.094470941,355472.171832894,321737.249194848,0.154642996117712,-32067.8125,34.0482641282743,891489.22618627,279390.637759591,65.6966929726758,64.8259039251688,-0.666666666666668,37.1795844642683,0.571666009953987,3.34041706857343,438127.180016063,385137.985206769,332148.790397474,435384.220078979,408783.425250754,400340.812994213,388638.883204783,381917.499260617,375791.924455372,367488.751565322,337807.3296739,330926.891790496,324958.964453822,319675.426693885,314900.629054408,306465.581179277,302.473091941413,270.17406743994,46.8314218511012,50.2659456061373,11.6467592116315,385137.985206769,346237.672802221,365687.829004495,341074.222820532,73.3155965527636,71.2811674753893,62.9233795519884,84.2758171623296,41.5709419416471
2025-10-15,328462.4,343201.69550139,356307.570732527,344364.283498471,435591.776123416,413440.45,391289.123876584,74.1814610331724,32913.7609053538,27262.2534325295,64833.84375,18.1818173851218,0.181818173851218,1.18181817385122,118.181817385122,102.403081631134,69.2746870613931,-84.235295444485,42.8571428571429,78.5714285714286,35.7142857142857,18817.8355683689,16956.5443786982,12382.9677509313,66281710,-12589281.7195023,416765.262327416,417928.946745562,414437.893491124,414936.615384615,828875.786982249,16956.5443786982,171686886462.044,1.04176904176904,649.16869918381,12.9513852400708,5.62471514276597,0.460237021938919,0.887796082237805,0.518403979412516,406616.059090586,407650.333946158,412000.979245389,321658.746141488,395053.439966863,361309.609022849,327565.778078835,0.138535206284163,-29374.721875,48.6338882012248,-377524.543743107,247220.539230937,65.423272002975,64.9453775407301,0.823529411764705,31.3366920002197,0.567656811233833,4.71746602724166,438127.180016063,385137.985206769,332148.790397474,405959.621301775,415101.712625377,407367.208662809,395923.575825942,389099.772122323,382811.628385315,374230.157619657,343201.69550139,335954.286691024,329664.380821928,324099.103794151,319077.859287568,310234.578517662,306.417167068029,277.67266689502,47.9418085814636,47.0306497108764,10.8971321665992,385137.985206769,346736.396150066,365937.190678417,341074.222820532,73.4602763775332,72.6768831161973,63.8796017532971,84.6106526195324,43.1485508870618
2025-10-16,334875.132291667,350178.574017429,364235.371538978,348114.799359175,453715.844510248,424811.30625,395906.767989752,78.4392041810875,35942.6195141058,28998.3266488448,95754.59375,26.9284678340207,0.269284678340207,1.26928467834021,126.928467834021,126.62327515091,69.706750280812,-97.9508195012284,35.7142857142857,100,64.2857142857143,19931.6909253639,34411.8105662984,16158.1281020394,70529644,-8956990.32819798,441535.115285451,443987.164589088,436631.016678177,436132.294785912,873262.033356354,34411.8105662984,190350601548.806,1.0820451843044,671.820893170196,13.0199835539554,5.65450701195392,-0.120443591923619,-0.992720172639066,0.12132683030247,416692.936326677,420302.324475108,419152.565518399,326600.780481233,404447.953882254,368950.133428811,333452.312975368,0.13114237286667,-7630.45000000001,50.7853518221317,1797828.19362866,510570.060845699,67.7377040621723,65.5038428450185,0.855072463768115,63.1652579883622,0.590977490296859,4.85418236025721,453836.921961326,392992.8561794,332148.790397474,429648.908238858,433222.512562688,422025.909941872,408239.072864622,400416.779463719,393354.964402959,383869.3019797,350178.574017429,342364.788124856,335599.938464761,329631.460694405,324264.739805703,314861.094385935,318.103570377376,285.472997852165,49.4542310041083,52.3117847493451,9.5532908054277,395985.179641121,355464.031933044,375724.605787083,348929.093793163,76.6541766608177,74.828663398804,65.1322091757851,84.7358559393982,45.528562412172
2025-10-17,341425.013541667,357541.897871144,372586.01421371,354458.126715304,475376.176010701,432292.1375,389208.098989299,79.9799142773347,38940.4414923121,30986.7496175382,128670.25,38.335809170451,0.38335809170451,1.38335809170451,138.335809170451,136.474830043869,70.4934040534328,-93.3098590827564,28.5714285714286,100,71.4285714285714,20324.7713711009,25434.817165682,24084.7097137865,75071227,-7799331.91643329,462148.965494092,462689.247558069,461068.401366139,459198.194221603,922136.802732277,25434.817165682,212422338257.264,1.0567296996663,681.403033270325,13.0483079134874,5.66680812500212,0.999764759988526,0.0216892758082374,46.0948889593088,427551.50898302,435221.320577651,429616.262762559,332176.103642473,414092.623820462,377826.212673123,341559.801525784,0.188805723435101,-6632.99687500001,57.3935000826832,1368598.59556843,639323.245513599,70.0286417609808,66.408802628211,0.254901960784312,62.3300787987863,0.616541400496372,5.61912071062151,473785.80994898,405959.623634948,338133.437320917,453338.19517594,448766.303156344,436120.637877915,420699.299728039,412033.745697588,404271.138148658,393924.400950987,357541.897871144,349139.527326253,341878.482625017,335487.053435953,329756.714470185,319761.0615782,332.937148101139,294.20079001413,51.1027730275303,54.6465456228859,8.69934892052107,410198.76434949,368804.854921524,389501.809635507,358903.53778699,79.6663553913597,76.6541367842114,66.2874549047111,85.1215521382657,47.4533576711566
2025-10-20,348623.233333333,365717.192766554,381801.108098118,364004.341373998,500725.483968447,446356.1,391986.716031553,82.0992435359673,42436.7599482594,33276.7516836825,136151.09375,39.1117534327541,0.391117534327541,1.39111753432754,139.111753432754,136.222407528995,71.0346574040186,-100,21.4285714285714,100,78.5714285714286,20297.921713065,19948.8761585994,30393.4096120588,78405130,-4465428.91643329,477609.3433638,479271.74971035,474284.5306707,477276.86209449,948569.061341401,19948.8761585994,224846326618.529,1.04296455424275,695.887181050204,13.0903751020064,5.68507767284508,0.96637936711278,0.25712043640812,3.75846969075174,439720.504371213,452360.38545184,444976.277786065,336638.687558639,423777.346182829,387329.367976997,350881.389771165,0.189675928145085,2393.86875000002,59.4272171311446,790805.631695756,696080.80583488,73.3070453657216,67.7884511757131,1,63.0588169005873,0.640804639481844,6.11795393417389,484258.96875,415435.34375,346611.71875,477027.482113022,466512.635953172,452166.74816861,434823.670621808,425165.60443439,416576.958241172,405216.221925864,365717.192766554,356646.162960906,348823.872192089,341955.397580042,335815.626402727,325154.435583832,349.062663612436,304.032874703353,52.7490939300965,54.4958569798702,8.08865169109418,417180.877734375,377781.839036792,397481.358385583,364140.1171875,81.5509434190346,77.6468560966914,67.3241187123419,85.8984873037176,48.7497501209662
2025-10-21,356037.565104167,372946.765007421,390133.516431452,376029.804111598,504419.709240814,459821.5875,415223.465759186,79.1660482555106,44175.2361892635,35456.4485847987,131163.84375,37.8417222080723,0.378417222080723,1.37841722208072,137.841722208072,126.468558230009,78.2557907343291,-86.3905311474491,14.2857142857143,100,85.7142857142857,20557.9737559284,23938.6503131524,24931.1079703177,74278272,-8248382.08309997,485090.150095685,483261.503196764,488747.443893528,487750.00013048,977494.887787056,23938.6503131524,238730799167.754,1.05020920502092,691.213109323022,13.0768963666889,5.67922393247368,0.835943989158107,-0.548814765645415,-1.52318057291156,450090.868000489,468321.730588474,460021.905545847,341663.821356851,433659.362981823,396639.918654968,359620.474328112,0.157619626838433,-17604.9,57.1764703800908,838949.685573734,769771.802923594,74.1561488722307,69.0619907150166,-0.91666666666667,76.8882949941677,0.624113447441803,5.89500734307786,500716.769050104,425409.777884427,350102.78671875,500716.769050104,472144.099226586,460703.019612407,444368.535483629,434731.05135541,425992.128127145,414286.139497631,372946.765007421,363375.574046411,355114.198548572,347860.622141779,341382.682720267,330158.406958133,362.382395974117,314.981502098589,54.4451467641187,55.6814346184068,7.41587986633605,441867.598178655,387008.187548518,414437.892863587,372369.017337552,81.0793829304475,77.5085814535878,68.228422816919,86.3338202769562,50.1230253568818
2025-10-22,363385.401041667,379870.792265007,398148.459811828,390992.239904219,495873.395725102,471591.425,447309.454274898,79.4698612173198,45232.7903816256,37411.7169441641,121189.40625,33.7499944519641,0.337499944519641,1.33749994451964,133.749994451964,99.882810808858,74.6792577390159,-87.8698304900239,7.14285714285714,92.8571428571429,85.7142857142857,20015.7448691194,12966.7693406022,13574.0342922467,78148548,-4675819.62156147,476279.412318276,477276.856113707,474284.524727414,475656.009946132,948569.049454829,12966.7693406022,224903776119.126,1.02771855010661,693.014565142754,13.0821020329821,5.68148472461944,0.976197413819367,0.216883861207745,4.50101454475815,459904.791839167,481496.515896916,471106.388239723,346202.496977949,440689.781381761,404224.632337188,367759.483292614,0.172165205988548,-26631.75,58.4112132429641,-484558.043970956,600806.469257633,74.446947671509,70.1389821063151,0.923076923076932,67.1285723384682,0.602272748512778,6.2291196038554,500716.769050104,441867.598178655,383018.427307206,483760.241891823,476206.643363293,467225.075574938,452346.458153933,443010.712472608,434342.444953738,422534.020497927,379870.792265007,369869.663682721,361219.319960837,353617.516287789,346829.212319472,335080.071893932,375.039313562121,326.051566086511,55.3828580786467,53.1048599278134,10.2762654320449,451343.300150052,388504.364939549,419923.8325448,372369.017337552,79.6773118120737,78.3211451589924,69.1719703386705,86.5949663812447,51.7489742960963
2025-10-23,370566.996875,386155.055667265,405496.296841398,404159.183401725,490189.952499318,476778.1375,463366.322500682,77.9999554758587,45307.1820949392,38990.8099743191,82787.84375,20.9860952249227,0.209860952249227,1.20986095224923,120.986095224923,88.9651702653982,80.3309636124452,-85.5828430868006,0,85.7142857142857,85.7142857142857,20046.591565287,20447.598615465,7497.43251003172,74564555,-4588405.15814683,477110.63436085,477152.194520637,477027.514041275,475032.626371473,954055.02808255,20447.598615465,227450723080.114,1.04380341880342,690.852281605844,13.0758520522079,5.67877039245719,-0.163382905810635,0.986562732971844,-0.165608227789502,468844.244785028,490775.465090639,476655.976787325,350138.914361798,447852.807793332,411166.156339441,374479.50488555,0.232478901477509,-38950.165625,72.081232401674,156494.570431161,494490.347967264,74.1569440391942,70.9425744928909,0.0243902439024421,48.6907625250683,0.60086454784998,7.06539217845199,500716.769050104,451343.300150052,401969.83125,466803.714733542,476741.759181647,470575.675383292,457886.550786393,449240.923841225,440947.741883933,429376.877310686,386155.055667265,375836.730978126,366880.664109089,358994.010144842,351944.806934395,339742.262159705,382.859047841149,336.447742678383,56.3412012112806,51.5458960465261,9.52756281646101,451343.300150052,396483.911971598,423913.606060825,372369.017337552,79.0478073301083,79.1463559614006,69.8877734216318,86.9366562066398,52.8388906366238
2025-10-24,378696.163541667,394060.94522099,414407.867607527,415746.093679531,509220.410978419,485655.3875,462090.364021581,81.8054052388552,47355.5414048579,40663.7562604269,81790.40625,19.1588823357604,0.191588823357604,1.1915888233576,119.15888233576,115.290112888257,81.3765573993848,-98.1873112404861,0,100,100,21072.6778951824,34411.8001838235,13173.2485972808,78818757,-1521422.32093752,503542.884058415,504831.248981311,500966.154212623,500592.112783395,1001932.30842525,21445.0419424019,250852115210.607,1.04374364191251,713.229516880786,13.1396065433465,5.70645861615523,-0.234304197056003,-0.972163331566225,0.241013201638167,481936.771331155,499852.097997836,481855.346089595,355695.052271295,458257.438831303,419963.939931724,381670.441032146,0.223118512212645,-20946.31875,74.5370508030438,1206724.88640318,687645.35575257,75.7739253670624,71.9088446677252,0.720930232558141,33.983427179428,0.59199996658124,7.62069583888592,511688.675183824,456829.253216912,401969.83125,501215.519925182,492719.051465823,483282.564838861,469177.615889416,460051.000188275,451370.603709481,439291.8106156,394060.94522099,383217.820576563,373798.502140353,365502.807258109,358091.926025203,345281.740244632,393.204683024292,346.942120166897,57.5277227572319,53.816776733789,8.41623619812891,458574.790584014,408203.879733606,433389.33515881,377854.970404412,80.2532965753583,80.2620080726567,70.7111575521838,87.4986834454315,53.9236316589361
2025-10-27,387390.548958333,403065.557626087,424403.75625,429178.055090132,540308.98139298,495530.08125,450751.18110702,84.1488629556038,50409.9210903514,42612.9892264118,119693.28125,28.9156702000211,0.289156702000211,1.28915670200021,128.915670200021,139.49664532338,82.0862139937799,-98.9247311250321,0,100,100,21491.1281431567,26930.9813668224,25032.1661693447,82199988,893742.679062502,530307.624805296,531138.827978972,528645.218457944,530640.106074766,1057290.43691589,13964.2133177569,279417017185.051,1.02676864244742,730.501497260615,13.1874625616535,5.72724222083182,0.998113458387014,0.0613964509292995,16.2568592040667,497643.496769468,511288.139231602,491582.734213756,360639.499122706,469544.784391918,430472.862300636,391400.940209354,0.266458399021368,-6682.875,78.2881057253739,1143123.19258154,715604.685352044,77.7515089052552,73.0773775152312,0.71428571428572,30.5941456569218,0.593830356343928,8.70222900837115,535627.325116822,470544.115550513,405460.905984204,535627.325116822,513175.744482912,500065.855725908,483500.909580657,473429.443335861,464026.270446484,451084.38897615,403065.557626087,391574.188183421,381595.27947497,372812.79118167,364975.867651666,351457.17294153,409.718107643936,358.858233022733,58.8673694238265,56.9560352953526,7.66290996838354,470793.473209299,426905.960408487,448849.716808893,389824.295370911,83.4560521569566,81.0897489602974,71.8732321102013,87.460538549394,56.2859256710086
2025-10-28,395503.091666667,410588.309956662,432937.799462366,446209.938294402,547934.651966729,503908.6125,459882.573033271,78.0836280785583,51114.5268001785,44313.2967411651,109220.09375,26.6099628911693,0.266099628911693,1.26609962891169,126.609962891169,107.284103394555,73.0033378522184,-89.5424797663294,0,92.8571428571429,92.8571428571429,21808.4435847752,25933.5443258157,24611.3042569234,76540980,2780078.6790625,517673.331154031,518172.053053023,516675.887356046,518172.053053023,1033351.77471209,17953.9883637236,266873386150.616,1.03536345776031,720.880169480337,13.1609458460575,5.71572615757031,-0.995087662662876,0.098997695004144,-10.0516245617761,510181.118953695,521933.953342803,503840.526051056,367820.55066183,478489.349277402,438777.668858102,399065.988438803,0.257335331433232,-30372.16875,66.804978390039,-379743.64292298,715358.118776503,78.2303760946811,74.1079772311212,0.333333333333333,8.61035393032725,0.5891473382823,7.36359001850591,535627.325116822,470793.473209299,405959.621301775,507698.893174184,516421.981616456,506599.976733938,491538.089396067,481836.493411159,472586.570185487,459657.367697882,410588.309956662,398690.523214897,388330.544805459,379197.809771597,371042.234361404,356972.289197545,423.477030091511,371.864884469786,59.2073031619926,52.1182215792971,11.585689621474,477526.218255925,429898.284206825,453712.251231375,389824.295370911,81.4339845854344,80.7670449852494,72.749804285014,86.9478453495125,58.5517632205155
2025-10-29,404480.084375,420006.717378813,443329.446774194,460516.720185989,571881.342159148,519169.5,466457.657840852,81.8143026080322,54028.0875922063,46256.2549113733,135153.625,32.0710039865218,0.320710039865218,1.32071003986522,132.071003986522,140.265143938814,72.709557883178,-99.3589743961658,0,100,100,22958.0440446057,37902.8500224014,29466.8155717736,81344011,7316274.62350695,545269.262246117,548095.352934588,539617.080869176,543108.134072581,1079234.16173835,35907.9758064516,290864248284.141,1.06883365200765,746.038621654402,13.2295547410367,5.74552262206924,0.346922605865379,-0.93789376026263,-0.36989541946439,526317.917730876,534590.887838203,518621.130849708,375017.578833527,490436.106771821,448919.725371246,407403.343970672,0.303378399875546,-4887.49375000002,67.0103071472784,1715108.2756713,706167.016781241,79.7724174648317,75.2408652778633,0.944444444444445,26.9115589191519,0.545130582467266,7.06003496792159,557571.068772401,488498.090083715,419425.111395028,536375.410606445,536497.803308228,523257.859489292,505990.430641385,495425.062790948,485507.655541566,471771.899860646,420006.717378813,407461.806647403,396537.524327144,386909.80173805,378317.975170761,363516.595289429,440.560182963243,385.471174757105,59.9131549087864,55.9027343082716,10.2194369217736,502961.03077785,444111.841902365,473536.436340107,400796.167198701,80.1573994674816,80.691593545568,73.6993170230583,86.5638905221625,60.8347435239542
2025-10-30,413257.588541667,429460.997709212,453785.445362903,477986.502931544,580558.000341191,537023.7375,493489.474658809,82.6727834537225,56490.7688384706,48303.1576967928,115204.75,25.5248603024333,0.255248603024333,1.25524860302433,125.524860302433,149.115390777941,72.5571589289029,-93.7500003157516,7.14285714285714,100,92.8571428571429,23241.8253160046,26930.9818441902,24336.3927658118,86232472,8221545.1790625,564885.656213322,565301.257784991,564054.453069982,562807.648354974,1128108.90613996,26930.9818441902,317976106582.304,1.04891304347826,752.693870374935,13.2473171969811,5.75323675867096,-0.455971132360998,0.889994565406682,-0.512330243446646,541156.227474046,547741.771306818,533159.80180426,382472.720231973,502097.760252123,459964.099737158,417830.439222193,0.29202368965633,-1895.16562500002,63.6363636363636,1346277.33975917,703686.877246879,80.7688728551022,76.3464667933111,0.185185185185184,12.044648345267,0.578754588002817,6.00822539113746,577519.943992077,512935.468387688,448350.992783298,565051.928038705,551522.932904114,537687.927159528,519447.682165522,508356.517283503,497975.410458248,483618.920190566,429460.997709212,416299.931972547,404830.721311186,394720.160901613,385699.547222888,370173.364706169,448.605563319201,398.323220892445,60.7712886235588,57.4067107328038,9.37361085210296,520915.018291739,454834.367194776,487874.692743257,410770.604808539,82.5581876611691,81.1895606225985,74.611524502271,86.1733237703133,63.0497252342288
2025-10-31,421636.117708333,437726.167211844,463095.99610215,497893.19114365,581567.013805683,546798.69375,512030.373694317,79.0557017480062,57060.341537527,50054.5944649397,93261.03125,20.0859366413462,0.200859366413462,1.20085936641346,120.085936641346,113.630116211601,72.3446874871826,-88.4058290555102,0,92.8571428571429,92.8571428571429,22721.6266942123,15959.0446109123,19436.0817769938,82880663,8221545.1790625,557571.125,557571.125,557571.125,557072.403063506,1115142.25,13964.2142218247,310836809614.057,1.02536231884058,746.706853457232,13.2313453526543,5.746300274814,0.95234716134687,0.305016203298381,3.1222838362303,551690.971870882,558885.531059253,545534.036516959,387213.652307726,510882.888855356,469260.006905048,427637.12495474,0.318245057848373,-17953.953125,66.6667198504742,-270106.6261222,585807.737489328,80.7718193955695,77.2315373137628,0,-0.317462722167305,0.563702024006834,6.32137701595927,577519.943992077,520915.018291739,464310.092591401,593728.445470965,554547.028952057,544315.659773019,527919.558350961,517304.627777412,507143.98192621,492862.945791745,437726.167211844,424148.331585183,412281.47271064,401800.637601543,392439.6090965,376317.553568262,450.944690687285,409.643446122984,61.5681270729904,54.5266458762801,8.90334166494253,522161.82936281,454834.367194776,488498.098278793,410770.604808539,81.0792730127565,81.0921538886202,75.2542390991968,85.7945547265072,64.7139234718864
2025-11-03,431327.946875,449383.523359467,475791.419959677,513818.541713336,627183.906250536,563755.24375,500326.581249464,84.1253214756064,61709.9850591522,52385.6725837822,134156.21875,27.7034040476922,0.277034040476922,1.27703404047692,127.703404047692,151.336958235714,73.9685200341317,-98.1566822488736,0,100,100,26014.6266236003,68823.6257056452,35457.7002682725,88667721,13337639.9326857,598133.829200269,603204.168775202,587993.150050403,587494.428125,1175986.30010081,68823.6257056452,344551771642.378,1.12432432432432,786.393786534456,13.3349153353005,5.79128014676805,-0.864006544861962,0.50348057602622,-1.71606728442482,568769.478725986,574361.762035985,561089.517739737,397888.600201598,527957.804689855,481533.704266498,435109.603843141,0.347003840163775,33115.1625,76.2340333938705,3617993.91897699,894590.430089689,82.0035815269547,78.1859461564012,0.884057971014493,41.8187625713488,0.622826287581637,7.9942359161647,622404.962903226,544604.338818384,466803.714733542,622404.962903226,586481.108226029,569015.502348679,548029.698161859,535688.365908791,524262.628937562,508556.976005277,449383.523359467,434940.934691562,422336.775871097,411218.661510171,401301.396484873,384255.180910286,460.641167656736,420.561087421053,62.7811291790622,60.1071665492636,7.22088032336962,544604.338818384,477276.87665035,510940.607734367,433213.114264113,81.8022319587757,81.9765390879321,75.9901440815498,85.833997368847,66.1462907942525
2025-11-04,439806.21875,458100.848465308,485673.620967742,537707.554375112,622982.780233132,576722.0125,530461.244766868,73.4531180092258,61944.2999543381,54297.3980578934,106726.5,22.3382082251224,0.223382082251224,1.22338208225122,122.338208225122,122.219036410542,68.4186803168346,-81.3267671044212,0,92.8571428571429,92.8571428571429,26792.5430346279,36905.4563779864,25860.5553356528,82697952,8523310.09397601,592814.094105518,590736.086204138,596970.109908276,596970.109908276,1193940.21981655,30920.7575725256,356134288811.685,1.05317324185249,764.527345815701,13.278515588545,5.76678604797141,0.625270689991175,-0.780407947318555,-0.801210049358897,580901.156509793,587712.053829816,574426.326303774,406654.590978682,539925.277672106,492131.836632119,444338.395592131,0.30400562739744,-6682.88124999998,55.1433438725004,464966.734062229,1000093.18320449,80.6448029456452,78.67771751425,-0.806451612903226,39.272840348145,0.591240995621236,6.08684521992651,622404.962903226,544604.338818384,466803.714733542,576522.521822943,585491.585363014,574177.689065786,556134.668014779,544563.583470829,533530.234101014,518050.111817117,458100.848465308,443249.886236475,430247.277657872,418752.722422772,408485.736328603,390820.652437817,468.349772237221,430.92891616273,63.9074882775574,54.1932527657603,6.51042155239422,544604.338818384,477276.87665035,510940.607734367,433213.114264113,78.8341258292302,80.6866765325836,76.2225992696325,85.6338220905961,66.811376448669
2025-11-05,447486.535416667,465805.305822385,494558.377016129,622404.962903226,622691.680484479,580911.275,539130.869515521,71.4435852399221,60864.9834197478,55610.9151302643,97250.75,20.249217008118,0.20249217008118,1.20249217008118,120.249217008118,66.2665848988206,56.9603536452653,-74.21200713072,0,85.7142857142857,85.7142857142857,28797.3190209899,54859.406843696,23355.9566977001,73721730,14888267.5121578,564553.168609672,567794.860832254,558069.784164508,563805.085789076,1116139.56832902,54859.406843696,310689495367.61,1.10338345864662,759.947325477233,13.2664982445917,5.76156698180534,0.81918617047181,0.573527696024988,1.428328877837,591107.908509162,597645.232540584,583456.115649037,418432.400497514,549918.816016625,499029.106344267,448139.396671909,0.332124823076151,-18053.7625,46.2522801658902,-2377446.5430219,718544.170598592,78.010595165089,78.5442930444178,0.70909090909091,72.6362159456585,0.61033377570922,4.38154068814642,622404.962903226,544604.338818384,466803.714733542,530640.08074266,581505.761431507,575291.771877191,560886.950122606,550555.647839769,540297.880777781,525483.840027478,465805.305822385,450709.333528893,437431.309845293,425655.644817435,415114.528531403,396941.940472643,472.891433521281,440.932514571634,62.4800249102825,46.8190284965945,18.2421891366426,556324.298072324,477276.87665035,516800.587361337,433213.114264113,72.1631900941149,78.7500070699773,76.2032149500945,85.6401655838342,66.7662643163548
2025-11-06,456114.425,473913.620769328,503848.54811828,622404.962903226,625528.038402245,585898.5,546268.961597755,73.032636907315,60439.7042724792,56576.6729587072,114207.3125,23.9289432365647,0.239289432365647,1.23928943236565,123.928943236565,99.1613782008957,58.2056547703647,-80.4416327093739,0,78.5714285714286,78.5714285714286,28735.2579146966,27928.4635328837,22153.5854460895,79042974,14001393.5121578,592814.11259837,592481.631323777,593479.075147555,594725.879927277,1186958.15029511,23938.6517706577,352074147875.848,1.04116638078902,769.080091732974,13.2903902291607,5.77194313886541,-0.738366769849559,-0.67439937216899,1.09485091522971,601138.799492442,605553.384544102,587249.47213606,425459.436368533,559099.082243829,507961.0117018,456822.941159772,0.3205127783606,-4189.25,46.4480873069562,1592955.86950918,761458.724277036,76.1948184603263,78.0743981275995,-0.166666666666666,62.3725148367381,0.598101304309777,4.42571610554284,622404.962903226,556324.298072324,490243.633241422,605448.401032884,586494.974465754,580689.243751461,567686.336206471,557997.200505266,548172.697196584,533733.883461543,473913.620769328,458530.15874951,444946.084365035,432865.581455807,422030.985745858,403320.374801409,474.507750302238,449.966188713628,61.4577517084291,48.5275019988915,16.9757597958396,565051.928038705,477276.87665035,521164.402344527,433213.114264113,71.9572267904238,77.9790314482949,76.2035214786657,85.6401825917859,66.7668603655456
2025-11-07,463578.63125,480662.25410679,511745.516666667,618734.367616803,620119.95456435,590087.7625,560055.57043565,69.1828978581145,58383.3521853316,56938.0088040321,69821.09375,13.7254954960545,0.137254954960545,1.13725495496054,113.725495496054,67.915878307658,52.1477674588811,-71.7948757355941,0,71.4285714285714,71.4285714285714,29105.1031467749,33913.0911637931,16788.505742304,74253577,13437935.0415696,579847.362643678,579514.881357759,580512.325215517,578766.79846444,1161024.65043103,33913.0911637931,336707035289.055,1.06017699115044,760.603337818077,13.2682239677718,5.76231645385976,-0.536659527404313,0.84379888104108,-0.636004075689436,607465.855775187,608965.227117154,586117.737436947,431042.192775278,566779.806970428,514807.330839122,462834.854707816,0.3207011616497,-15759.575,35.3271136183508,-918158.533408898,532427.42138921,73.7771596027713,77.2149504226339,-0.117647058823527,61.5621058665754,0.594339723642348,3.23855470549825,622404.962903226,565051.928038705,507698.893174184,563555.779633621,582506.205982877,579965.308334307,570093.247605033,561728.152686126,552841.118781725,539331.82771635,480662.25410679,465196.118680093,451461.760127716,439198.270849033,428167.70934406,409064.540791526,466.793482092847,456.307896985729,59.7850367101255,44.4886473171222,19.9690903732855,565051.928038705,477276.87665035,521164.402344527,433213.114264113,70.7744631003692,76.0691681079452,75.907973423447,85.5305560791465,66.2853907677475
2025-11-10,472056.904166667,488648.62077732,520834.052553763,615210.596141837,607139.779515427,587294.9125,567450.045484573,72.3249760939547,58175.6820066793,57185.5434445616,70818.5,13.2710260890016,0.132710260890016,1.13271026089002,113.271026089002,91.7981573243639,53.3007652148469,-88.46151582046,14.2857142857143,64.2857142857143,50,29519.7739306687,34910.4941212871,11093.6179127348,79147222,15740826.8062755,599131.237279978,600461.162334983,596471.387169967,594975.221483086,1192942.77433993,33913.0889026403,355490591312.735,1.05851979345955,777.46442844673,13.3120757836257,5.78136105550655,0.791847757179297,-0.610718535374617,-1.29658379648421,615669.177580014,612214.066167478,586880.245100367,437479.610302706,575703.080808454,522838.179071584,469973.277334715,0.300420362462558,11769.8375,44.2508843928326,1105967.20208352,697506.40416771,73.2269594031234,76.4173522187318,0.470588235294117,72.3111717451403,0.56756771674637,4.29120410263015,622404.962903226,565051.928038705,507698.893174184,603952.224328119,593478.571741438,588127.184722872,577728.289803915,569495.931743194,560781.090892229,547471.716439306,488648.62077732,472932.497503421,458924.646828803,446383.169399075,435080.777114881,415470.652159017,458.92016511138,460.246023099048,58.5036189042846,44.5921746055388,18.2822526682983,572034.027934588,480269.200112071,526151.61402333,433213.114264113,70.428800925308,74.513492380906,75.694743822482,85.3209119106857,66.0685757342783
2025-11-11,480634.919791667,496956.302501364,530212.167607527,530640.08074266,624539.639836799,593878.0375,563216.435163201,73.7652868513689,58384.391331021,57425.3130218534,97749.46875,18.8099762931673,0.188099762931673,1.18809976293167,118.809976293167,123.488391846466,59.7248076736957,-84.8314576832363,7.14285714285714,100,92.8571428571429,30403.5499301974,41892.637924071,17140.3567810373,84655919,14166913.3777041,621407.462540388,620410.018780291,623402.350060582,621158.101600364,1246804.70012116,41892.637924071,388191741782.997,1.06953642384106,785.759306340052,13.3333010390039,5.79057906679431,0.464694882574557,0.885470872535635,0.524799738746749,624582.011889368,616516.997205087,592047.085193556,444875.894025885,586636.650320571,532225.729878137,477814.809435704,0.308267568231416,26432.2375,46.2184942977119,2048050.70477305,734500.007401237,72.6034563396814,75.6545730429217,-0.285714285714288,82.8090481658605,0.554252357122377,4.5109370555371,644348.669022617,583005.880994283,521663.09296595,644348.669022617,605448.129620719,597890.685648581,586548.1559586,578208.978244432,569494.41344727,556214.962821893,496956.302501364,480959.452503231,466656.014666422,453819.452794767,442231.244188807,422091.866432492,454.227527165935,461.764616899347,57.7855877011563,47.4677554716276,16.4829046885408,587494.374882638,495480.193886309,541487.284384473,444433.968740019,72.884378381283,73.7277696418099,75.4260565601098,84.8556258096964,65.9964873105233
2025-11-12,489262.808333333,504599.303146437,538908.160685484,530640.08074266,630912.734518658,601458.6125,572004.490481342,73.1346769571758,57723.4255158355,57484.9355206498,58849.1875,10.5734775879831,0.105734775879831,1.10573477587983,110.573477587983,93.3871655971969,55.4408177873527,-81.2297785234694,0,92.8571428571429,92.8571428571429,29585.5414942826,18951.4318273906,16465.3547628232,81824435,16104244.5355988,611100.556118315,612181.120213736,608939.427927472,609188.788872569,1217878.85585494,18951.4318273906,370717437692.559,1.03161397670549,784.488886154546,13.3300648105688,5.78917359064274,-0.496554694551933,-0.868005435074249,0.572064038411761,632791.124025538,620481.033340097,600169.13490394,448515.407086812,593323.135694538,539737.618091487,486152.100488437,0.304861726552675,26631.7375,46.7116397062304,-968019.182981406,477355.949318951,71.6733639871135,74.8583312317601,0.684210526315784,44.3151102171862,0.552178508013362,4.66937329934274,644348.669022617,587494.374882638,530640.08074266,615755.279348411,610435.47106036,603734.727932387,592964.746301134,584975.129927262,576560.320993844,563615.944031656,504599.303146437,488429.639169718,473912.931633914,460845.68582543,449023.070397089,428430.585975689,444.820244982674,461.344025973066,56.9947821663677,45.2958884109146,16.4511740873641,587494.374882638,497225.727870684,542360.051376661,448350.973303208,73.3183328639008,72.0895212109417,75.4614010260023,84.8608572715463,66.0619447804582
2025-11-13,497757.705208333,511427.452943441,546725.761760753,535188.424273858,633443.904274428,605248.9,577053.895725572,71.4892664075256,56149.9196718488,57217.9323508896,43887.5625,7.74648532135789,0.0774648532135789,1.07746485321358,107.746485321358,86.4043220955408,55.6943558070539,-75.1825103173003,0,85.7142857142857,85.7142857142857,28540.9783500832,14961.6574754901,15761.4865458794,77948894,14812397.5355988,612098.031386166,611682.429789624,612929.234579248,610435.625,1225858.4691585,14961.6574754901,375626283803.3,1.02471169686985,781.303798147686,13.3219281206176,5.78563987109598,-0.819382920949321,0.57324656898804,-1.42937256893799,639843.194652923,623368.674648268,607500.812603096,453184.164939188,599031.493494761,546629.086024314,494226.678553867,0.25354713646705,27529.471875,37.7777978909274,154027.838996709,524482.00099883,70.3299849601748,73.952661977443,-0.333333333333333,25.3698591081702,0.560699800841168,3.56467392259886,644348.669022617,587494.374882638,530640.08074266,587161.889674206,610435.54803018,605968.360288258,596847.163789771,589604.310849578,581771.906225561,569468.404152699,511427.452943441,495207.749493623,480572.575212747,467349.596224324,455352.974499164,434397.964304355,434.459661228708,459.512356033224,56.2921683376799,44.0990886697301,15.8351754032881,587494.374882638,513683.548164912,550588.961523775,448350.973303208,72.1032708241686,71.8046682117923,75.2961570280827,84.757381316076,65.8349327400894
2025-11-14,505188.660416667,514468.810818058,550649.038844086,539554.834063808,644881.074563521,601259.1125,557637.150436479,57.1008058639558,50139.6823904135,55802.2823587944,997.375,0.178878524242077,0.00178878524242077,1.00178878524242,100.178878524242,-37.8560255035581,49.4459848506836,-37.2262643754634,7.14285714285714,78.5714285714286,71.4285714285714,30207.1316822201,51867.125,24385.4181214874,72170520,9034023.53559877,566880.53125,564802.5234375,571036.546875,569540.38125,1142073.09375,24936.09375,325927285674.047,1.04464285714286,747.374404164339,13.2331325399257,5.74707644038411,-0.380764520866708,0.92467203896795,-0.411783318647429,638830.755683379,619146.503609307,605367.814824377,457645.23326376,603526.794690352,548557.795093427,493588.795496502,0.177222684618747,-15759.6375,8.41749911178661,-1807844.19290376,-78388.9003212532,64.9711031970062,72.1563502213557,-1,31.708922110787,0.484622648776027,0.825502492667232,644348.669022617,587494.374882638,530640.08074266,558568.5,584502.02401509,590168.406858839,588340.79405871,583961.436149655,578202.151421628,568105.916133612,514468.810818058,498727.791188421,484377.254470662,471315.635518919,459400.642165864,438469.12940913,415.66982131544,454.51553977308,53.8096261929085,38.6904953511968,24.9783949350343,587494.374882638,523159.250136309,555326.812509474,448350.973303208,63.6200496351322,69.6486239369467,74.7700161512497,85.5995918813165,63.9404404211829
2025-11-17,513733.429166667,520274.109313667,557053.05672043,543746.587462161,644881.074563521,601259.1125,557637.150436479,64.0028882023993,48519.5520999396,54345.7363070234,-13964.25,-2.25807035180552,-0.0225807035180552,0.977419296481945,97.7419296481945,38.0654647996434,56.1640597605546,-67.479688480911,0,71.4285714285714,71.4285714285714,31326.7963834901,45882.4375,24385.4181214874,76641467,13504970.5355988,597136.34969747,598964.996648102,593479.055796205,594476.499587459,1186958.11159241,21943.7634075908,352097007480.632,1.03767123287671,777.46442844673,13.3120757836257,5.78136105550655,0.791847757179297,-0.610718535374617,-1.29658379648421,641986.028502193,614766.081406926,599595.802472114,462377.527608585,609993.117470414,553184.324103336,496375.530736257,0.186955538061549,40097.234375,25.8358682296414,1101496.18423045,-7663.40585811706,61.8112351561451,70.0873272083136,1,-10.0021444653307,0.393859731232906,2.70639607421467,644348.669022617,587494.374882638,530640.08074266,604450.9375,594476.480757545,594929.250405893,591920.825934553,587686.800031536,582240.426202916,572649.04380441,520274.109313667,504601.299316843,490234.507301362,477104.1269094,465088.889041712,443911.155903913,393.693536355717,446.220402452913,51.9376471271412,39.4188088025058,22.3652286592318,587494.374882638,523159.250136309,555326.812509474,448350.973303208,59.7518155537838,68.3174078584666,74.398943848313,85.6501413043661,63.1477463922599
2025-11-18,521131.136458333,523388.227261172,560589.154032258,547770.670724579,638046.763723957,591484.1625,544921.561276043,56.3604044968072,43832.8340421615,52243.155854051,-15959.125,-2.73037958698392,-0.0273037958698392,0.972696204130161,97.2696204130161,-49.225371292116,50.5795301215507,-33.3333280543604,0,64.2857142857143,64.2857142857143,31654.0252132408,35908,26029.2853864957,73097076,9960579.53559877,575525.04375,573779.5171875,579016.096875,577021.209375,1158032.19375,20946.31875,335149953373.065,1.03684210526316,754.017862852068,13.2508321170251,5.7547632690504,0.488001034751163,-0.872843050085062,-0.559093682081338,639950.513558503,607573.513992154,590616.217231322,465065.250030581,612871.165387457,555312.011688732,497752.857990007,0.190592360701055,13465.459375,3.65853262484036,-854718.758826852,161528.570163555,56.7583912632648,67.4215400193038,-1,-14.1556273934999,0.365468960340283,0.378129240100348,644348.669022617,587494.374882638,530640.08074266,574527.636788256,581509.709128772,586133.812770595,586725.739615763,584206.097753075,580133.120248621,572135.780516359,523388.227261172,508153.61254924,494054.430725685,481079.727369861,469145.91054988,447997.443825096,372.019815436316,435.012444887917,49.7201407387859,36.224787681444,23.7041084782083,601458.584511309,524904.787503411,563181.68600736,449348.417305498,59.4913712622117,66.4248834117588,73.8621114236973,86.2449200387844,61.4793028086103
2025-11-19,527847.258333333,525786.627921742,563133.173454301,644348.669022617,625155.019105954,580512.2875,535869.555894046,54.7945848577473,39024.8431531085,49599.4933138625,-16956.5,-2.93608911120926,-0.0293608911120926,0.970639108887907,97.0639108887907,-112.315705367804,44.1078679297742,-26.3158282148989,28.5714285714286,57.1428571428571,28.5714285714286,31102.9271362401,23938.6521352313,24956.0456430479,68567340,11470491.5355988,557903.587262752,558568.549822064,556573.662144128,558817.910781806,1113147.32428826,23938.6521352313,309630976626.013,1.04395604395604,748.707845224023,13.2366976952862,5.74862476768429,0.356442935386626,-0.934317094894964,-0.381501031431623,636276.67094989,598431.574611742,582392.817197528,468117.375919492,612633.889637379,555558.828410067,498483.767182756,0.16784414306499,12229.715625,-1.84047947725262,-1186033.00079735,-147247.970981615,50.6672287366239,64.0706777627678,0.333333333333333,-26.3156284705042,0.381868232758007,0.192413562035031,644348.669022617,594476.502549565,544604.336076512,544604.336076512,571036.573314386,577610.354347063,580911.894701149,579907.432252516,577122.399825757,570689.237639314,525786.627921742,511065.269490949,497298.772519554,484535.54085378,472730.911606748,451688.132142306,348.340351412188,420.993845011245,46.8969685175697,34.2333061111341,27.8985137378292,594476.502549565,525154.145162196,559815.32385588,449348.417305498,54.6790737317659,63.8174858031688,73.2978583820636,86.8353819185138,59.7603348456133
2025-11-20,533682.305208333,528609.454346146,565823.055981183,644348.669022617,605580.312423055,572333.25,539086.187576945,56.2666289505696,35529.2851271768,46785.4516765254,-21943.75,-3.70994702204106,-0.0370994702204106,0.962900529779589,96.2900529779589,-46.8249465710711,49.7060848437183,-34.2105704993586,21.4285714285714,50,28.5714285714286,31374.8994880298,34910.540061296,18585.6729075323,73237577,7146198.01708023,577852.469570928,575774.461553196,582008.485606392,581759.124644264,1164016.97121278,26930.9839098073,338552557844.259,1.04736842105263,754.679029455569,13.2525850646164,5.75552456451635,0.893612673913797,0.44883893438586,1.99094286491994,632485.92000151,589875.475725108,575748.948840081,471525.790048182,615394.394502225,557682.032330149,499969.670158074,0.120621528662547,24161.184375,3.68097746790252,1466702.48514375,117736.586635345,45.1513252560784,60.2868072614299,-0.92592592592593,-21.1458794628825,0.384686453140735,0.381493254012385,644348.669022617,594476.502549565,544604.336076512,595473.977561296,570288.505407193,574920.382064709,578384.904212005,578022.524115694,575955.944083332,570545.6376219,528609.454346146,514313.889935896,500822.756177137,488231.405925355,476527.363602562,455552.142154034,326.788686029829,405.437756559799,44.8965158761469,37.6436662278861,25.6811992237115,594476.502549565,531886.890208822,563181.696379194,449847.140653343,54.6612589677333,61.2182778650303,73.1470719376411,87.1210429501315,59.1731009251508
2025-11-21,536774.38125,528032.600436717,564918.921370968,640358.895704773,618687.838830121,564553.19375,510418.548669879,47.091980000193,28407.2973133879,43109.8208038979,-58849.21875,-10.1724191762154,-0.101724191762154,0.898275808237846,89.8275808237846,-207.198763379239,41.399693187026,-5.30303128883922,100,42.8571428571429,-57.1428571428571,33194.8584771629,56854.3253358925,30262.1865842436,66590865,5973248.84060966,520665.662547985,520416.301598488,521164.384446977,519668.21875,1042328.76889395,16956.5445657389,271540434515.094,1.03307392996109,720.880169480337,13.1609458460575,5.71572615757031,-0.995087662662876,0.098997695004144,-10.0516245617761,622472.43121109,576400.984908009,565071.943927092,473831.491419451,614668.840376528,554156.663779467,493644.487182406,0.0751895784652895,-18966.846875,-31.4285771120329,-1552204.62820106,-177615.83895183,36.586876959693,55.5468212010826,-0.176470588235292,-26.5530198165253,0.335599054954676,2.97476697537166,644348.669022617,578517.390593362,512686.112164108,512686.112164108,544978.362078597,556502.994293139,565336.751887115,567412.650412841,567296.29403205,564185.960262912,528032.600436717,514611.352647791,501742.04703435,489598.223874253,478219.161843638,457654.308599803,299.408450893675,387.714232757831,41.8502663248177,33.0383802307482,34.5586524741187,578517.390593362,546349.830902957,562433.61074816,450719.90546369,50.6794206626697,57.3492251742457,72.5950668067367,88.2837796591119,56.9063539543615
2025-11-24,540265.435416667,527428.61210209,563750.947177419,632698.528692333,593915.275330706,547397.1625,500879.049669294,46.9271733847219,22424.0947833437,38972.6755997871,-85780.15625,-14.191417520963,-0.14191417520963,0.85808582479037,85.808582479037,-154.19219127654,49.6762411941176,-4.5454601738624,92.8571428571429,35.7142857142857,-57.1428571428571,32604.9468182515,24936.0952524039,26004.4156186161,60191703,1109885.72060968,524987.925380609,523408.639347957,528146.497445913,526151.609825721,1056292.99489183,24936.0952524039,278783270552.777,1.04835589941973,720.188017985581,13.1590246280222,5.71489178317903,0.117058633266871,0.993125005413564,0.117868981879199,611303.139278117,560620.563952922,551760.696004619,475869.023900574,611358.86598631,551378.688693862,491398.511401413,0.00210471005794281,-18807.215625,-23.4042515370351,272077.241995951,-374946.223704841,27.4426921007317,49.9259953810124,-0.759999999999997,-26.5376579106181,0.289541995287327,2.01905807781134,644348.669022617,578517.390593362,512686.112164108,530640.107201996,531824.571664298,543892.256612093,554966.536189978,558550.492383233,559815.445911735,558496.562886298,527428.61210209,514836.876459025,502567.838947308,490862.248107981,479805.499859573,459654.848686695,265.545269032427,366.749537409664,38.9650667251912,33.6371952824167,32.6707752248893,566548.08774055,554329.380807009,560438.73427378,454086.284458342,45.8138190520718,53.7070059301455,72.0633000625356,89.2405928051267,54.8860073199445
2025-11-25,543839.609375,526799.239950343,562293.392876344,625497.78370064,583037.975125287,537223.24375,491408.512374713,46.7509745461144,17401.2875899093,34658.3979978115,-99744.34375,-16.1550836280504,-0.161550836280504,0.838449163719496,83.8449163719496,-123.607817263656,58.8063208620746,-3.78788905888559,85.7142857142857,28.5714285714286,-57.1428571428571,32555.8936392434,31918.2023121387,25611.2134315084,56474973,-2374548.65439033,527647.781972543,525154.172416908,532635.001083815,531886.918217124,1065270.00216763,31918.2023121387,283445351469.846,1.06177606177606,719.495200644174,13.1570997118019,5.71405580268645,0.990834567738469,-0.135080936384531,-7.33511770245571,599857.005292432,544440.798225108,537582.750787311,476975.373605152,609291.59099849,549118.60233945,488945.613680411,-0.051161210022133,-18846.640625,-21.739119576844,385459.711072128,-224559.679921115,18.5118166539552,43.643159635601,-0.937500000000002,-25.9386128619369,0.281164756291546,1.83827218546567,620410.063316993,566548.08774055,512686.112164108,548594.102239884,524748.957707149,535152.618991395,546679.160092205,551118.283540827,553332.04557916,553393.660494261,526799.239950343,514994.45797519,503304.692840123,492027.947918503,481290.513345472,461557.094426475,233.096182565433,343.224641585526,36.480275489009,33.0323385746802,30.3828583570622,566548.08774055,555576.19187808,561062.139809315,457826.6891731,45.6366220361706,52.2111030031138,71.4121641292579,90.030740015497,52.7935882430188
2025-11-26,547214.294791667,526532.228501933,560927.002755376,618729.083408448,569679.836162149,529642.66875,489605.501337851,47.8062231333907,13665.5753290713,30459.8334640635,-92762.25,-15.0729300435219,-0.150729300435219,0.849270699564781,84.9270699564781,-121.03668546406,51.264737821499,-15.8620733204834,100,21.4285714285714,-78.5714285714286,32154.1143208869,26930.9831822519,22381.4569900261,61602366,1233616.7900541,516343.418296756,517922.704347567,513184.846195134,515179.733838263,1026369.69239027,26930.9831822519,263177366900.532,1.05389221556886,722.95266961261,13.1666875122659,5.71821973152152,0.0758346982140453,0.997120403234627,0.0760537022089208,591112.045273565,530247.650875271,527021.067200793,478614.843869067,605854.593784459,545997.156240146,486139.718695833,-0.0601784510011851,-11005.553125,-25.8427032214141,-1021594.78354648,-355184.415759247,10.9356686520462,37.10166143889,0.7037037037037,-18.5719139819826,0.261311217704769,2.14042981601558,620410.063316993,560064.708960501,499719.354604008,499719.354604008,523704.760103575,530988.60016093,541341.693960604,545944.152442495,548613.355874674,549552.023244978,526532.228501933,515420.352671013,504248.881604019,493359.800726395,482912.868214277,463560.486822328,202.420829366396,317.44254915638,34.0183075972238,31.0561564130311,32.3319853927372,552085.146052004,555576.19187808,553830.668965042,458824.137534774,46.1243641569573,49.8134483881951,70.5595997790373,90.3174516473238,50.8017479107508
2025-11-27,550269.453125,527594.540372776,560654.987768817,609208.305104092,543294.22591973,524334.19375,505374.16158027,51.9849530735667,12205.3668588527,26808.9401430213,-67437.5625,-11.0474486969859,-0.110474486969859,0.889525513030141,88.9525513030141,-52.7509199485413,57.7131509311308,-29.9238837368254,92.8571428571429,14.2857142857143,-78.5714285714286,32165.6346149307,32315.3984375,10598.9801967746,65256458,1074743.22483671,543330.781901042,543247.602050781,543497.141601562,541001.74609375,1086994.28320312,22957.638671875,295257379635.722,1.04315196998124,736.884022421439,13.2048610307697,5.73479827996259,-0.888896992901031,0.458107122856111,-1.94036929039461,585330.239933335,521757.949972944,524492.749487228,480268.29923394,605839.321337746,545743.215826898,485647.110316051,-0.071580658867051,6998.96250000002,-12.9780445858665,1904436.79375322,57291.249424863,5.79692726599571,30.8407146043112,-0.0434782608695652,-11.7604101123716,0.26112333381186,1.10426470440327,604450.9375,552085.146052004,499719.354604008,554975.9609375,533351.411301787,534991.754273954,541709.775858248,545408.499725678,547749.464586263,548732.778151856,527594.540372776,516952.447661512,506139.085550164,495517.986020899,485269.150343129,466164.997500285,173.121945839698,290.492785214631,32.1483958149939,35.117656905279,30.0118049667105,552085.146052004,555576.19187808,553830.668965042,460320.314925805,48.9943095203062,49.2119425054265,69.7007219488271,89.9361349653002,49.465308932354
2025-11-28,552426.577083333,527686.751477759,559284.301276882,600449.189064086,544797.123585168,526205.3125,507613.501414832,49.0774309571216,9807.48139803915,23408.6483940249,-29544.6875,-5.28935797489475,-0.0528935797489475,0.947106420251053,94.7106420251053,-58.3305510222596,51.898254284381,-20.2617692089549,85.7142857142857,7.14285714285714,-78.5714285714286,31436.6235002524,21959.479009434,10393.1383528172,62576320,-1605394.77516329,536343.638836478,534513.682252359,540003.552004717,539754.012470519,1080007.10400943,21959.479009434,291483281498.12,1.04150943396226,727.34023159729,13.178788724005,5.72347522100418,-0.999550401803916,0.0299832328749032,-33.3369789033179,578086.147840862,516574.363544372,526659.504264733,481198.850598569,604135.266154535,544848.018018287,485560.769882038,-0.0990908937697865,-12701.934375,-28.818794635576,-286244.243466211,-96902.131430322,1.56414456381444,24.9854005962118,-1,-11.7889332028318,0.25755389759309,2.39933926108173,604450.9375,552085.146052004,499719.354604008,539504.484011966,531187.611900894,533002.440349302,538890.672889748,542429.465684645,544868.59503453,546269.157445374,527686.751477759,517623.079041428,507255.413694059,496974.761085208,486985.01944732,468225.942254374,152.206049064833,263.660842182311,30.328274321461,33.365456960014,29.1947582778599,547596.666082652,567296.151132019,557446.408607336,468299.861957855,49.742783973594,48.4030798858603,68.9375694190122,89.9622272960958,47.9129115419287
2025-12-01,554184.913541667,528288.190898548,558289.622916667,592390.802307279,548306.907891652,529872.96875,511439.029608348,50.7717849561218,8454.03003816493,20417.7247228529,-67441.875,-11.1575432869603,-0.111575432869603,0.888424567130397,88.8424567130397,-52.8797809067637,44.4609088040331,-30.8969168328201,78.5714285714286,0,-78.5714285714286,30617.0905484287,19963.1621747212,10304.8852534569,65711024,-664983.575163285,535012.746282528,535511.825336896,534014.588173792,536509.983445632,1068029.17634758,19963.1621747212,285071948421.421,1.03809523809524,732.809021846756,13.1937702495125,5.72998161486256,-0.796967912319823,-0.604021644258368,1.31943601673142,571921.489109194,514429.932591991,530692.699716591,482446.48166224,602230.527418932,543911.325472024,485592.123525116,-0.14507692125347,-9445.09999999998,-31.3181801473676,-381403.335738561,-44311.5288649564,-1.60645041314915,19.6670303943396,0.300000000000003,-11.3799033159744,0.254998481219631,2.62626603506997,595473.977561296,547596.666082652,499719.354604008,524033.007086431,534098.337200447,534337.981066202,538472.537247582,541443.937832892,543659.436183064,545111.645577202,528288.190898548,518700.07812246,508706.811196788,498715.382885851,488946.746625857,470481.126524722,123.702343114943,236.07001192438,28.4922807577305,31.8115161064178,28.9993978331068,547596.666082652,572034.011813312,559815.338947982,474533.876653002,49.1303527550993,47.631683587531,68.2780605489645,89.8971455340106,46.6589755639184
2025-12-02,556824.803125,530138.775356707,558469.451075269,584977.086491018,561421.093597379,537732.75,514044.406402621,54.819166411402,8889.79643668898,18112.1390656201,-11570.6875,-2.03514752128989,-0.0203514752128989,0.979648524787101,97.9648524787101,-3.15598959041997,49.202462061576,-47.4376992284843,71.4285714285714,7.14285714285714,-64.2857142857143,29927.3944845497,20961.3456541218,13242.186639528,68397604,1705528.18954261,551981.459229391,553229.156922043,549486.063844086,550733.761536738,1098972.12768817,16968.6886200716,301862950260.496,1.03136531365314,746.305734937097,13.2302706972016,5.74583355788092,-0.653012185539205,0.757347400825613,-0.862235989490862,567475.598682794,516764.057754329,535873.660387156,483889.148380571,602179.286054367,544679.909639392,487180.533224417,-0.0731243712495441,4192.26249999995,-21.2767424146595,977192.762330685,196046.88926038,-2.15161897899289,15.3033005196731,0.882352941176474,-12.5005845355404,0.192334741266991,1.9530788933255,595473.977561296,547596.666082652,499719.354604008,541001.713405082,545535.293600223,541882.737377468,542583.584525897,544267.26731782,545707.561385669,546594.221130052,530138.775356707,520826.309893434,511061.222845725,501248.290151684,491614.413424843,473316.901064895,102.960400805253,208.805572968054,27.1592831234355,33.5552881346304,27.5485855591584,547596.666082652,572034.011813312,559815.338947982,481266.632361385,52.2718959045793,48.8580728121202,67.6911940970738,89.559430051955,45.8229581421925
2025-12-03,559181.940625,531483.584204661,558092.580712366,578156.467940057,563184.022113642,543397.3,523610.577886358,53.4007237970005,8652.15063568426,16220.1413796329,-9580.125,-1.70901709942508,-0.0170901709942508,0.982909829005749,98.2909829005749,6.54154555543817,43.3648206604152,-48.9479452887692,64.2857142857143,0,-64.2857142857143,28859.1786372449,14972.3726222826,11061.1139245006,65810985,1877969.45620925,550650.593108394,550733.772956295,550484.233412591,550234.693868886,1100968.46682518,14972.3726222826,302976848250.362,1.02757352941176,742.282501814505,13.2194598018325,5.74113844567771,-0.979534476562137,-0.201276449755408,4.86661245144414,562189.842316162,521273.21323052,541248.554976313,485151.303097462,601370.191016704,545248.54616025,489126.901303795,-0.149809139996849,-3892.80625000002,-21.5627635170056,57777.9979188015,39499.7240131641,-2.32197298260573,11.7782458192173,0.0666666666666594,-16.7581717803836,0.18483818841387,2.06008331863168,595473.977561296,547596.666082652,499719.354604008,557970.419723732,548259.303050112,544916.262418312,544450.190742364,545488.366441853,546519.215403259,547142.857551296,531483.584204661,522501.698927132,513008.64185325,503410.682427697,493942.605545437,475863.340784079,83.7920214969701,181.805943575514,25.9214999193272,32.3118086580538,26.5276978975416,528844.88716387,572034.011813312,550439.449488591,484258.956159722,53.7215680235761,49.8910404365323,66.9290835703032,88.9243081679566,44.9338589726499
2025-12-04,561306.103125,532097.659417263,556919.665188172,571881.498873173,562881.199854207,542998.0375,523114.875145793,51.030743831515,7571.11089830811,14490.335283368,-28538.6875,-5.01082726018027,-0.0501082726018027,0.949891727398197,94.9891727398197,-30.8557335620533,45.8029806179741,-39.4173316725188,57.1428571428571,7.14285714285714,-50,28223.7476348217,19963.1446033211,11115.0256579178,62952680,4216582.63802747,538007.275369004,538755.894026753,536510.038053505,538755.894026753,1073020.07610701,10979.7403136531,287812882257.835,1.02067669172932,735.528211559557,13.2011777925738,5.73319866993857,0.601594650983034,0.798801524728515,0.753121560687425,556182.386763507,526196.965340909,545314.434877516,486318.458690029,599870.778396952,544558.901322988,489247.024249024,-0.115957293829047,-17966.81875,-7.51255375455288,-536797.2841772,152322.762238037,-2.81962386408878,8.85867188255612,0.81818181818183,-24.8285284789749,0.190052885435641,0.622410256330615,557970.419723732,528844.88716387,499719.354604008,541999.896385303,544630.526525056,543611.424945541,543683.870577394,544672.61799788,545670.374571988,546375.219107384,532097.659417263,523529.479542292,514374.159323824,505045.076669972,495788.062190714,477999.026332142,62.0886777669982,155.437079894772,24.3683636637298,30.679329939337,28.2188059264386,528844.88716387,572034.011813312,550439.449488591,487500.642027472,51.6855651042099,50.5863422601314,66.0452652566532,88.150770045867,43.9397604674394
2025-12-05,562449.49375,532800.911229053,555738.501276882,566108.52733164,560210.662211576,545792.8875,531375.112788424,51.4944085121892,6797.11197702133,12951.6906220986,23329.84375,4.48937281677859,0.0448937281677859,1.04489372816779,104.489372816779,-20.2018693011037,38.3383104183596,-45.1975127251004,50,0,-50,27562.4089365755,18965.005859375,8059.78108484014,66157613,6746792.90118536,538007.271484375,539254.969238281,535511.875976562,535761.415527344,1071023.75195312,18965.005859375,286683051450.126,1.03605313092979,736.884022421439,13.2048610307697,5.73479827996259,-0.888896992901031,0.458107122856111,-1.94036929039461,552654.107778764,531395.616450216,546655.253212417,487656.852226383,598377.720382656,543934.936576453,489492.15277025,-0.0808124374883512,-17567.5625,-32.3528453674123,-59065.6642052404,115529.105993461,-3.24598859569121,6.43773978690666,0.789473684210526,-20.1500396713728,0.194442991834482,2.22959013275692,557970.419723732,528844.88716387,499719.354604008,526029.373046875,543814.294512528,543406.970797028,543531.468782418,544368.153361902,545259.249637836,545953.074531461,532800.911229053,524611.067484386,515770.447283637,506695.206488668,497639.434751863,480130.142272072,50.0598614007624,131.494256824587,22.7581922575358,29.1714954745897,28.1252770483294,528844.88716387,572034.011813312,550439.449488591,488248.729710046,50.6676575292473,51.1891242571865,65.1124196944334,87.0845475528209,43.140291836046
2025-12-08,563859.654166667,535583.900827178,556608.679099462,499719.354604008,578690.857222013,553578.525,528466.192777987,58.480051046188,8740.87009308406,12109.5265162957,57266.46875,11.0410053583484,0.110410053583484,1.11041005358348,111.041005358348,102.142177838416,45.8178625280644,-79.5970920693715,42.8571428571429,14.2857142857143,-28.5714285714286,28944.6249298407,46913.4328422877,14038.2204804948,70446046,10487766.3692705,562295.755343732,565706.129007799,555475.008015598,557221.784770364,1110950.0160312,46913.4328422877,308002266984.667,1.08818011257036,758.905297122111,13.2637539927713,5.7603751683828,0.997927572589491,-0.0643471822665671,-15.5084890656973,553796.731873683,539500.36978355,549253.395271302,490427.668801781,602095.573882983,545683.585982861,489271.598082739,-0.0639111255641102,18166.46875,3.95466421003653,2183872.41734921,315352.740024247,-0.87543327245837,4.97510517503365,0.872340425531914,0.0479197238111739,0.195942983269223,0.25546409801209,578931.724436742,539325.539520375,499719.354604008,547988.835757826,559875.772256264,554250.397198018,550732.753497436,550107.989114283,549978.942001246,549701.096465028,535583.900827178,527462.522068587,518705.413269801,509705.730119596,500709.937310613,483271.358918889,41.9120850519481,110.251579323089,22.2577878776148,34.1692150253349,24.8691744565285,539325.539520375,572034.011813312,555679.775666844,488248.729710046,54.7430744397129,52.228846522819,64.4960706395512,86.1546586928162,42.8374825862861
2025-12-09,565369.296875,537478.971741554,556679.507862903,499719.354604008,581911.279908582,555175.575,528439.870091418,55.6053330198085,9288.26895788452,11545.2750046135,47284.15625,9.13397547331216,0.0913397547331216,1.09133975473312,109.133975473312,116.775130783605,52.3081100741298,-68.1305438642812,35.7142857142857,7.14285714285714,-28.5714285714286,27804.0135958819,12976.0662544169,14945.7134004908,68054872,8966110.18745228,567286.535630153,566704.276722615,568451.05344523,567452.895318021,1136902.10689046,10979.7393992932,323106461493.672,1.01950354609929,751.636547807516,13.2445057860604,5.75201577842171,-0.983715261351569,0.179733927192432,-5.47317513570132,553127.140301187,547906.99693723,553787.590918767,491763.954712871,602630.004889351,547741.009758793,492852.014628236,-0.0657699416736227,7286.53749999998,2.31294141798557,595831.157626948,495066.733487961,2.11563446712296,4.40321103345151,-0.636363636363636,-14.7815419923882,0.195560597027384,0.158036985733988,578931.724436742,539325.539520375,499719.354604008,569948.298468777,562416.636128132,557819.431465346,553893.808275784,552807.900184413,552283.335539516,551608.1469069,537478.971741554,529545.57639811,520961.612622494,512107.980983961,503229.449572942,485949.593052696,33.3331641350359,91.4640609640491,21.7931266676882,33.0301656579052,24.0401469997313,551482.365761586,572034.011813312,561758.188787449,488248.729710046,57.0044141959313,53.2638757492829,63.7787198346603,85.1311643568255,42.4262753124952
2025-12-10,566347.469791667,540604.122758228,558005.283064516,502887.849397317,597681.359111447,562162.675,526643.990888553,59.6802268137237,11283.420986342,11492.9042009592,63258.25,12.1031228561462,0.121031228561462,1.12103122856146,112.103122856146,180.403686025505,51.6822406280904,-93.5035771826598,28.5714285714286,0,-28.5714285714286,27743.0312804423,26950.2611797274,19855.5480361342,72040955,10872497.7091914,582258.899417944,583173.877688458,580428.942876916,579181.245235307,1160857.88575383,22957.6366056218,336765994459.586,1.04035087719298,765.453337898529,13.280936513739,5.76783744242427,-0.705951096255337,0.708260580362826,-0.996739216932974,556621.159475304,557924.762732684,562152.654858274,494595.448811523,605867.999313572,551028.42782157,496188.856329567,-0.0652091275958507,27249.69375,8.10964957750314,689860.278561646,360113.787355564,6.5021049877225,4.82298982430571,0.47826086956522,-14.7763027009741,0.191114484473181,0.590359965875326,591907.761179727,557970.384133079,524033.007086431,591907.761179727,574167.724314066,567185.89181023,561010.475881165,558828.066059974,557458.024302667,555896.980106037,540604.122758228,532677.422848215,524130.256518957,515317.147571615,506472.169687729,489227.272378837,28.8954914956899,75.4388993702704,21.8437926028235,35.36411663372,22.3720620355621,557970.384133079,572034.011813312,565002.197973196,488248.729710046,57.6549246862491,54.6644385031475,63.2376657781477,84.2182457284525,42.2570858278429
2025-12-11,566261.180208333,542110.913225439,557851.212432796,508229.044104262,595417.821908854,566754.2,538090.578091146,54.079953496876,10966.2382908446,11387.5710189363,20961.3125,3.86029231918299,0.0386029231918299,1.03860292319183,103.860292319183,109.913385369972,53.8530708743529,-69.6834046515689,21.4285714285714,92.8571428571429,71.4285714285714,27472.5145075662,23955.7964601769,16023.4517673876,68019048,6850590.70919143,571944.640486726,569948.324115044,575937.273230088,574440.035951327,1151874.54646018,23955.7964601769,331560272649.699,1.04247787610619,750.972286439386,13.2427374977441,5.75124782056352,-0.469404746665111,0.882983116377806,-0.531612369430929,557024.104831736,565454.987968074,568425.615727533,496714.009326006,607513.620638814,553020.448075394,498527.275511974,-0.09905621628181,4990.8125,25.4475532272651,-267538.567713695,362192.19577251,9.25080093989411,5.70855204742339,-1,-11.6308345164811,0.204292157936522,1.61219884833628,591907.761179727,557970.384133079,524033.007086431,578332.811711477,569063.549657033,566110.38620682,561665.786796462,559761.031321797,558458.232102257,556904.779467782,542110.913225439,534415.30907887,526073.140347301,517432.027025023,508726.569896053,491677.505251662,20.9413753503016,60.8539356242113,21.6860295633028,33.1614590021715,22.2762114081976,557970.384133079,572034.011813312,565002.197973196,488248.729710046,56.8361832651746,54.5679578523102,62.4012425811201,82.830667761935,41.9718174003051
2025-12-12,566673.753125,543906.874468959,558089.091935484,513249.76712879,588332.866170592,572144.25,555955.633829408,55.3116020379078,11070.511953451,11324.1592058392,40924.5,7.73585215504831,0.0773585215504831,1.07735852155048,107.735852155048,83.1512571477966,44.6918811827926,-76.1798153418664,14.2857142857143,85.7142857142857,71.4285714285714,26864.835267346,18965.0051444834,9049.71155477396,70665196,7268403.55129668,568950.154334501,569199.693875876,568451.075251751,567702.456627627,1136902.1505035,18965.0051444834,323046707099.84,1.03392857142857,754.949211867924,13.2533009558745,5.75583547213939,0.542395398268811,0.840123343287649,0.645614007279287,559493.020447431,570949.197205087,571365.113040714,498193.585885176,608202.577406911,554537.562957214,500872.548507517,-0.0228575720145455,10680.3,28.6402204531836,-536537.575267081,344955.058047119,11.9221057921205,6.95126279636282,0.157894736842101,-11.9542765789659,0.216685057428191,1.90872308501841,591907.761179727,557970.384133079,524033.007086431,564757.862243227,569505.931078517,567389.694971214,563506.348063915,561613.264263289,560225.936778833,558535.22109681,543906.874468959,536389.364824488,528213.392647433,519715.343784805,511127.422547188,494243.761227017,23.3895939237258,49.708074602965,21.3294272861994,31.4893122373534,22.4799077753225,558968.567113301,572034.011813312,565501.289463307,488248.729710046,54.4787673170408,54.8807811584231,61.5331196110938,81.0587322558519,42.0075069663358
2025-12-15,564492.567708333,544492.213212897,557205.599798387,517969.246771846,589001.727031068,567552.725,546103.722968932,51.1273225824319,9672.42066969874,10993.8114986111,15970.5625,2.97398379566454,0.0297398379566454,1.02973983795665,102.973983795665,-4.94893632248169,37.9609818231914,-57.7732844880517,7.14285714285714,78.5714285714286,71.4285714285714,27512.610797502,35933.6926895307,11990.3566477497,68183071,8095778.55129669,549818.790801745,550608.999351309,548238.373702617,545867.748053926,1096476.74740523,28447.5077842959,300362999225.306,1.05327102803738,743.625998066232,13.2230764353411,5.74270912965355,0.36375158116066,-0.93149599419596,-0.390502571591453,561254.099773403,572933.973436147,569306.24441856,499258.713286213,608663.28908143,554088.156085264,499513.023089099,-0.0718775990165102,-8085.07499999995,18.1047146410733,-2316567.39552053,-21018.2928252385,11.9400413944907,7.9490185159884,0.333333333333336,-3.6791999261176,0.212083927804451,1.28327629500017,591907.761179727,558968.567113301,526029.373046875,551182.912774976,561242.778039258,562586.338314142,561167.076271934,560043.511669963,559111.119582089,557840.771584708,544492.213212897,537311.04594535,529421.50154268,521161.616881118,512768.685388475,496169.527252361,21.0801833687713,40.6102726655782,20.0237840643004,28.5516274208273,26.8612992163156,558968.567113301,572034.011813312,565501.289463307,488248.729710046,52.8937868882558,54.9131640763233,60.7224074224625,79.8865162643718,41.5582985805532
2025-12-16,562643.292708333,543494.251876581,554917.293010753,522405.557636319,598256.044626623,560365.9875,522475.930373377,45.8535135375372,6555.81800385634,10106.2127996602,-27948.4375,-5.01792279597413,-0.0501792279597413,0.949820772040259,94.9820772040259,-83.110105356693,39.344166897349,-7.35296279189279,0,71.4285714285714,71.4285714285714,27258.5537762519,23955.8125,21181.1858516198,64895073,4807780.55129669,536010.919457547,534264.14271816,539504.472936321,538007.235731132,1079008.94587264,20961.3208726415,290955232075.116,1.03962264150943,727.34023159729,13.178788724005,5.72347522100418,-0.999550401803916,0.0299832328749032,-33.3369789033179,559874.839304151,569511.336488095,561801.932832697,500041.721938578,606608.472098029,552366.514501672,498124.556905315,-0.0687047110630471,-32140.70625,2.97375749266433,-556795.035861188,-89304.1854674596,8.79540686076441,8.1182961849436,-1,0.0306329102145675,0.207671975745244,0.233440484489084,591907.761179727,558968.567113301,526029.373046875,537607.963306726,545133.295269629,551398.829709428,554024.128767059,554403.566366334,554482.303107922,554238.65169912,543494.251876581,536850.644087275,529402.102077183,521503.451473243,513406.141353633,497246.716932612,13.7028299519755,32.8225847161343,18.6305981367715,26.7593264486146,26.4829028680196,558968.567113301,572034.011813312,565501.289463307,491241.053171767,47.8237065104395,54.0682237244781,59.6311376724443,78.2837006369154,40.9785747079731
2025-12-17,561725.465625,543913.017884544,554100.63702957,524033.013838476,581337.943117646,553179.25,525020.556882354,50.6502771750346,5711.45260464808,9227.26076065775,-998.1875,-0.181164742625484,-0.00181164742625484,0.998188352573745,99.8188352573745,-50.252787021374,38.0040446336323,-38.2353030375576,14.2857142857143,64.2857142857143,50,27379.127472685,28946.5855263158,15741.1879921528,67587699,6943311.51681392,542332.579401089,544245.715800817,538506.306601633,539005.385662432,1077012.61320327,28946.5855263158,289779566046.324,1.0552380952381,741.609819918803,13.2176465113884,5.74035094364374,-0.804298117192713,0.594225999667009,-1.35352225860771,561160.546244206,565358.394856602,553696.082806549,501174.599886975,605835.419904121,551410.90163495,496986.383365779,-0.0618787607335438,-14573.13125,3.25579417665624,-107306.054299845,-41582.937703309,6.69463816451728,7.83356458085834,0.793103448275861,11.991301963338,0.20427186645699,0.255196682471737,591907.761179727,557970.387509101,524033.013838476,524033.013838476,547559.210134814,550927.594806286,553126.57237438,553600.213390637,553790.429552857,553706.96086173,543913.017884544,537580.337471315,530406.151975857,522741.785104841,514840.611300549,498975.845065969,10.8838670944634,27.1331613080749,17.4477899788478,24.7385191893831,25.7850048209768,557970.387509101,560064.708960501,559017.548234801,495480.193886309,47.6301868638544,52.8809104832209,58.6678191402675,76.2795977026732,41.0560405778619
2025-12-18,560375.436458333,544369.165924251,553407.594892473,524033.013838476,576600.576924062,550584.0375,524567.498075938,50.8734660280673,5064.45247587073,8394.69910370034,9981.5625,1.84501482666184,0.0184501482666184,1.01845014826662,101.845014826662,-18.814583201477,44.4938754549391,-39.7059345165725,7.14285714285714,57.1428571428571,50,27277.1978350139,25952.1125452899,14543.6876728762,70546758,7398551.36296776,549652.434933575,549985.154325181,548986.996150362,546491.600713315,1097973.99230072,25952.1125452899,301218343905.807,1.04841713221601,742.282501814505,13.2194598018325,5.74113844567771,-0.979534476562137,-0.201276449755408,4.86661245144414,561675.176325225,561193.274412879,548046.887455349,502441.42686075,605541.932226013,551243.428615771,496944.92500553,0.00353184175033283,-20462.2375,10.8911032266744,919197.740635977,67112.9961679375,5.07748167465931,7.28234799961853,0.15384615384615,24.8087480272671,0.215264653630187,0.805049702422587,591907.761179727,557970.387509101,524033.013838476,544226.522262174,549271.261317407,550946.167370857,552650.292402295,553124.413228703,553358.565390879,553366.504816514,544369.165924251,538324.947195131,531409.915903864,523969.677600283,516257.9721319,500681.007932658,9.14881299322701,22.5874892627932,16.4004599593073,25.4097456525787,24.0326899155809,557970.387509101,560064.708960501,559017.548234801,497225.727870684,50.3733189688736,52.1736250881759,57.8249050816276,74.5916757462998,41.0581344169555
2025-12-19,559291.271875,544473.897154944,552479.663508064,528105.498678951,563168.864970898,545792.875,528416.885029102,49.6640554217798,4101.70149206091,7536.09958137246,2994.4375,0.551463754071868,0.00551463754071868,1.00551463754072,100.551463754072,-4.90363199842147,51.951157427105,-32.3529545548353,0,50,50,26968.6577833356,22957.6371115174,9713.47368782066,67106753,3958546.36296776,553645.045703839,551731.909277879,557471.318555759,557221.779021938,1114942.63711152,22957.6371115174,310642507736.86,1.04204753199269,738.913053071875,13.210360518369,5.73718667708022,0.560699742198656,-0.828019202131424,-0.677157897733948,561307.362530049,556953.226826299,546323.809751155,503744.242120819,605351.496193611,551472.15405273,497592.811911849,-0.0295219529913832,-35135.18125,4.52262097110412,566220.092471395,-112626.151040708,3.1344584688908,6.45277009347299,-1,24.1375715766399,0.21465431272229,0.333106585139399,591907.761179727,557970.387509101,524033.013838476,564420.030685873,547631.880658704,549294.944913905,551170.782979563,551827.701732575,552225.324561513,552444.75421445,544473.897154944,538750.922350957,532121.261469529,524927.191617662,517424.032048296,502166.630623391,8.32233677402169,18.8552950096903,15.6940643647229,25.7152875069644,22.5713803993697,557970.387509101,552085.146052004,555027.766780553,513683.548164912,49.8430277531634,50.6489399309107,56.7878659517021,71.9348874256536,41.6408444777506
2025-12-22,558440.632291667,546696.984435271,553746.791129032,531933.634428997,583098.584668032,550983.3,518868.015331968,56.9399172266722,5928.29885241436,7214.53943558084,2994.5,0.519935114459091,0.00519935114459091,1.00519935114459,100.519935114459,95.1795684742914,52.2886192844073,-80.8824169694684,78.5714285714286,42.8571428571429,-35.7142857142857,27395.1286559545,32939.25,17952.9899086192,69985217,6837010.36296776,574606.397844828,575687.735883621,572443.721767241,574190.498599138,1144887.44353448,12976.0564655173,327649720080.382,1.02292768959436,760.875646870105,13.2689398739596,5.76262736796668,-0.810030148429363,0.586388232006326,-1.38138882094862,565406.698011981,556415.020127165,550576.917476511,505659.862931332,608154.7154001,553675.415366263,499196.115332426,0.0884859939061112,-16868.85625,10.3773696360513,674952.855052873,-103834.851326717,4.61673586586442,6.08556324795127,1,-9.70235851635549,0.1907412400446,0.80158411649682,591907.761179727,557970.387509101,524033.013838476,584613.539109572,563281.815329352,559173.879942603,557339.886761882,556755.71050847,556334.005398203,555755.628687643,546696.984435271,540983.190553681,534404.69993443,527275.215895155,519836.099418951,504683.519783279,10.6363464902708,16.3334263824942,15.4099375587412,26.1093070062687,20.6328596393544,557970.387509101,552085.146052004,555027.766780553,523159.250136309,53.1508136432815,51.1206623390636,56.314122011866,70.7382065935603,41.8900374301716
2025-12-23,557290.855208333,549034.235439447,555326.387432796,535532.082034041,593338.066131869,561763.4125,530188.758868131,57.7373470485194,7610.33468913101,7293.69848629087,17966.875,3.18021709597625,0.0318021709597625,1.03180217095976,103.180217095976,120.17335727367,57.7065965950851,-86.7647114895926,71.4285714285714,100,28.5714285714286,26365.1943653384,12976.0485873288,17650.7679717174,71996405,5831416.36296775,584920.69135274,584421.612264555,585918.84952911,584671.151808647,1171837.69905822,11977.8981164383,343265030722.693,1.02065404475043,763.494842811659,13.2758127399375,5.76561221573576,0.959003926761308,-0.283392781235499,-3.38400972170275,568855.17515637,558701.088080357,558576.255273069,507079.223831602,609704.095827282,556651.155936404,503598.216045526,0.130216262067677,-27349.525,15.2380977938232,802529.188905501,-91316.0835107326,7.63445450436763,6.39534149923455,-0.500000000000005,-7.98870014947176,0.178800961869942,1.21148594838322,591907.798587329,557970.406212902,524033.013838476,604807.047533271,573103.095164676,567090.711628402,563025.328592575,561513.64950693,560424.831490787,559151.721976688,549034.235439447,543313.256356255,536771.513352263,529694.744551887,522310.149441738,507248.793724811,11.7149677374052,14.4244792982403,15.60211178519,28.7069125305942,19.9075175426662,557970.406212902,547596.666082652,552783.536147777,523159.250136309,57.5407556579175,51.5237937425898,55.9277227495729,69.7484135641138,42.1070319350319
2025-12-24,556340.661458333,551478.284765934,557237.751612903,540042.139358304,603412.077784801,569149.7875,534887.497215199,58.563732987758,9159.94157329213,7666.94710369113,998.1875,0.170362766769849,0.00170362766769849,1.0017036276677,100.17036276677,111.643529806057,63.6786493699805,-92.6470505861706,64.2857142857143,92.8571428571429,28.5714285714286,24981.0452780183,6987.10714285716,19153.2025354117,74157102,6140087.36296772,586584.280612245,586667.460459184,586417.920918367,586417.920918367,1172835.84183673,6987.10714285716,343873773057.664,1.01198630136986,766.105084175794,13.2826386918792,5.76857668899776,-0.998651804248942,-0.0519092850108001,19.2384041514185,572145.565065636,563246.031408279,568677.217870143,508664.596951552,610600.933325675,559501.929715055,508402.926104436,0.0817046820038306,-40724.85,22.5490087747407,16138.6129970003,-59796.3967650998,11.5307768375208,7.4224285668918,0.142857142857129,-19.6259269464262,0.198368650917756,1.83800355385459,591907.798587329,557970.406212902,524033.013838476,625000.55595697,580010.047582338,573699.474418935,568334.588905336,566132.44050567,564500.549722974,562622.381729602,551478.284765934,545735.686558685,539217.634652153,532182.668701805,524843.751424415,509860.866061703,10.993114894844,13.3191170254117,15.7805592811781,28.1333969034149,19.5097989654107,557970.406212902,547596.666082652,552783.536147777,524904.787503411,58.4177869919739,52.698948082983,55.517684376663,68.5287278122848,42.5066409410412
2025-12-26,555922.698958333,554473.024458454,559918.789583333,544191.392096626,613444.634313196,578532.475,543620.315686804,60.8319111174947,11145.5117352612,8362.66003000514,33937.375,6.01769852660043,0.0601769852660043,1.060176985266,106.0176985266,138.126935802792,71.867340352465,-92.5000028946385,57.1428571428571,100,42.8571428571429,24408.7348354315,16968.699081803,19516.4903664023,78400650,6988796.96296772,596898.5918197,597148.131364775,596399.512729549,595900.433639399,1192799.0254591,14972.3727045074,355636335797.943,1.02542372881356,773.237835339167,13.3011733591626,5.77662619272287,0.98587816754913,0.167464141684033,5.88710011370232,577155.591109789,570431.991010552,578884.641831735,512132.870438166,613304.439920433,563063.516582164,512822.593243895,0.0975260909297539,-49209.1875,25.8215909996199,352177.264829515,38949.6965789665,16.0742691751251,9.15279668853846,0.2,-23.0973685149015,0.19928632156968,2.24914105012561,603885.699081803,563959.356460139,524033.013838476,645194.064380669,588953.398791169,581765.232945957,574903.958037484,571907.769504639,569638.42668867,567031.677763402,554473.024458454,548633.523416536,542080.030522779,535039.802671292,527708.574897967,512747.288485909,14.7651799979435,12.3608488114359,16.4308496799994,30.8257449442575,18.5410125371539,563959.356460139,551802.526842905,557880.941651522,525154.145162196,60.0901597512619,55.028494668539,55.2992343172724,67.8800306728346,42.7184379617102
2025-12-29,558597.790625,559914.845461135,565267.083198925,550160.822795144,640696.616140729,597098.225,553499.833859271,67.8876731480144,15838.775973439,9857.88321869191,68872.9375,12.0840672723283,0.120840672723283,1.12084067272328,112.084067272328,221.478212665625,72.1337522065415,-100,50,100,50,25588.4323471864,40924.5,24372.2415750737,82576801,11164947.9629677,633830.458984375,635078.156738281,631335.063476562,632582.761230469,1262670.12695312,14972.373046875,398527919386.292,1.024,799.262941715678,13.3673799602675,5.80537935424829,-0.366310763961713,-0.930492570741855,0.393674034033033,587380.559022061,582858.266685606,591628.647763098,517050.959987322,621624.55255373,569803.225382375,517981.898211019,0.205519975774255,-25852.26875,28.5067975865055,1252512.41725291,435514.12022046,22.8512745613648,11.8924922631037,1,-22.7739023913192,0.297244415069804,2.45751670703323,638821.25,581427.131919238,524033.013838476,665387.572804368,613887.324395585,600783.905297304,589107.800695821,584073.856867432,580281.937967336,576005.374292976,559914.845461135,553643.952671173,546799.114399717,539552.039511671,532065.93470589,516880.860994568,23.4566202706997,12.6248973560946,18.0130796774492,37.0563140181149,16.4229190648211,581427.131919238,569270.302302004,575348.717110621,531886.890208822,65.0666299567006,57.6807889666533,55.2022625549802,67.4719957030464,42.9325294069141
2025-12-30,560109.457291667,565713.94817332,571151.15719086,560800.074059726,666546.587417904,611272.0625,555997.537582096,69.476362940209,20211.2084851346,11928.5482719805,96821.3125,17.5090198847742,0.175090198847742,1.17509019884774,117.509019884774,192.494197250074,73.5093554155095,-94.0298507585179,42.8571428571429,100,57.1428571428571,25543.1123976013,24953.9530529954,30899.3987851099,86671404,12639005.0429677,646806.463133641,647555.08172523,645309.225950461,644560.607358871,1290618.45190092,24953.9530529954,416268322153.54,1.03943217665615,806.102312054742,13.3844213449677,5.81278033358758,0.194960124481223,0.980811169319694,0.198774372253989,597235.633843218,599390.309499459,607617.293340416,522121.470764686,628862.523191059,577136.867072972,525411.210954884,0.21085096374427,-30843.1125,38.4615384615385,851634.686753734,592006.311622118,29.6055855895561,15.4351109283942,0.360000000000001,-20.4148228489168,0.321814875440755,3.32157789463305,657786.202476959,590909.608157717,524033.013838476,685581.081228066,631844.130947792,617122.916031536,602595.164430083,596024.235164263,590977.168664669,585229.819693854,565713.94817332,558986.007383885,551823.59357534,544345.469858989,536682.993638992,521238.896289828,34.1936085244046,14.9016505308089,19.9049169834035,39.7738308875202,15.2769104996748,590909.608157717,578752.778540483,584831.1933491,553068.597630128,69.6495455312868,60.5359879720856,55.1089500319785,67.037003778633,43.1808962853241
2026-01-02,563683.128125,572813.245871815,578612.034946237,574378.132038139,695867.286206893,629837.8,563808.313793107,72.8903290383119,25476.8312964616,14638.2048768767,146729.25,27.7358497922057,0.277358497922057,1.27735849792206,127.735849792206,179.127896088867,73.9728251935646,-98.701298794195,35.7142857142857,100,64.2857142857143,26000.1086950083,31941.0605612998,36911.6049194993,90853299,16298163.1679677,666436.919836288,668765.955502216,661778.848504431,662277.927575702,1323557.69700886,31941.0605612998,437696186490.406,1.04945904173107,822.042007746563,13.4235829961299,5.82978802258954,0.36691868841842,-0.930253017242786,-0.394428915163259,609095.189724301,620128.620522186,627741.23577266,528079.245314333,637975.113371124,585641.634002811,533308.154634498,0.225920296465765,-20961.33125,39.8230147339957,1257939.78906242,743700.294217925,36.9987156504755,19.7478318728105,0.875000000000002,-8.157615800314,0.36973792982469,3.45514901702111,677749.378785081,600891.196311778,524033.013838476,705774.589651765,653798.596723896,636666.298187691,618852.475112287,610520.385588942,604019.613870105,596545.225044623,572813.245871815,565473.066001447,557868.933522885,550058.843452077,542136.72182962,526304.934526227,50.6432307361191,19.319357602104,22.0519343723059,41.7680513989453,13.9363646452721,606880.159331399,588734.366694544,597807.263012972,571029.735688241,72.2555960209227,64.0843799002988,55.1397486230404,67.1914908036231,43.0880064424576
2026-01-05,568154.948958333,580678.072751053,587065.901680108,590917.53151765,717687.715381434,651398.0125,585108.309618566,75.0835096516706,30824.8624871427,17875.5363989299,144732.9375,26.3157912679911,0.263157912679911,1.26315791267991,126.315791267991,168.628770489984,83.0547193019362,-97.714285811691,28.5714285714286,100,71.4285714285714,25782.7889698723,22957.6325431034,37057.0704627873,95190810,18466918.6679677,692056.307471264,692721.746228448,690725.429956896,693220.825296336,1381450.85991379,15970.5301724138,477037855130.643,1.0233918128655,833.497487998614,13.4512613767748,5.84180859057164,-0.920962794600932,0.389650524137774,-2.36356103110308,622314.723854991,643383.757521645,649351.844478923,534793.874190282,647788.933463538,595776.36480933,543763.796155123,0.250048776343075,-15870.73125,58.744369184392,1065800.76102361,759989.51870544,44.1484470409623,24.6279549064408,0.500000000000004,-16.27272336131,0.446363376437541,5.0715493833035,698710.695043103,617360.81746041,536010.939877717,725968.098075464,674258.329611948,656016.886291794,635711.494531779,625829.054118225,617973.221351627,608816.829726545,580678.072751053,572653.3435847,564544.500790061,556348.37471503,548120.303816694,531826.676427006,67.2619299055283,25.7763705923597,24.4036315987247,44.9186472353014,13.0499872375521,622351.597521552,599215.024823555,610783.311172554,582757.204888323,75.1580596134452,66.8237725349895,55.2886434901713,67.9261985598981,42.6510884204445
2026-01-06,573325.694791667,589967.410799372,597163.183198925,610320.300952231,738617.692781707,676751.225,614884.757218293,78.096612562652,37052.3899158855,21710.907102321,173679.5,31.5217350616222,0.315217350616222,1.31521735061622,131.521735061622,145.062528470803,89.3078443195274,-99.504950523849,21.4285714285714,100,78.5714285714286,27933.7937620676,55896.8560606061,34584.4068719244,100021085,23124683.8465392,706695.965909091,711187.677556818,697712.542613636,702204.254261364,1395425.08522727,55896.8560606061,486021677491.02,1.08345752608048,851.271291951044,13.4934617394438,5.86013597521309,-0.872294074677485,-0.488981643093634,1.7838994305773,638577.421106282,669011.269623918,671817.356215696,543301.058375992,661341.762170199,606340.136342641,551338.510515083,0.27677889480167,3892.80625000002,62.7530152948674,808561.894411881,786916.385587716,51.2784736049387,29.9580586461404,0.964285714285712,9.42285592540395,0.486364113313625,5.53861395690882,725660.97064394,635826.73532197,545992.5,746161.606499163,699460.571055974,678898.861694529,655478.454080272,643798.828369457,634387.004605223,623297.577573227,589967.410799372,581098.314079994,572355.150141765,563666.393749159,555043.539451333,538149.172691695,90.849418199794,34.9460463063344,26.9790959975426,45.3897008501805,11.1847266415979,645808.332089211,624846.988865185,635327.660477198,596232.342688741,77.8206563550627,69.8786372423403,55.9750784300951,70.2248615990353,41.7252952611549
2026-01-07,580691.2,599687.79558651,607957.227083333,633388.434890573,762556.321830848,697113.65,631670.978169153,79.5191364398796,42783.2623752608,25925.378156909,194640.875,35.6490015888497,0.356490015888497,1.3564900158885,135.64900158885,149.718760322175,94.5113644985896,-91.5611826656788,14.2857142857143,100,85.7142857142857,28505.2175109649,35933.7262466308,36583.5657107464,105714200,22120016.493598,742629.691374663,742130.612280997,743627.849561995,746622.324123989,1487255.69912399,33937.3783692723,552694442231.552,1.0467032967033,860.600589704655,13.5152610112586,5.86960327867176,0.232528313733745,-0.972589627392839,-0.239081630303903,656366.807244587,695676.74073052,694277.462021419,553815.032246336,675165.011125581,619320.093964738,563475.176803895,0.217126710828342,10081.41875,76.4227418783369,2737069.50386161,1016040.45767758,56.4551686785609,35.2574806526245,-0.176470588235293,16.1145414525437,0.494764706704338,6.58313692669829,760596.538746631,663276.116140557,565955.693534483,766355.114922862,720046.973027987,699477.032796353,674401.769840212,661405.10957501,650732.600050573,637964.552251573,599687.79558651,589961.373019995,580563.844037289,571360.610325283,562321.572217948,544787.998996885,115.143674371245,46.5579716264426,29.7810648975298,50.0568558209442,10.1776205123568,670263.219608761,642314.772916531,656288.996262646,613700.126740087,80.0730059131127,73.0109779410292,56.4840076289553,72.1517078848647,40.816307373046
2026-01-08,588555.759375,609682.619258348,619177.637567204,661374.217738906,776203.113467506,718074.975,659946.836532494,80.7002483193102,47900.4536197827,30320.3932494837,175675.8125,30.3448225978278,0.303448225978278,1.30344822597828,130.344822597828,137.190938133706,100,-87.8327003463095,7.14285714285714,100,92.8571428571429,30533.0601625343,56895.0146329365,32494.6172547157,112210579,21322215.5637734,756936.598186728,756354.339265046,758101.116030093,750115.850818452,1516202.23206019,56895.0146329365,573908041453.552,1.07797537619699,868.681508091429,13.533953108328,5.87772115328422,-0.148152985161572,-0.988964454865651,0.149806178000298,675165.797503,721765.137594697,715724.05710369,566011.741564752,691168.600466261,632426.427700166,573684.254934071,0.14839485099301,16170.15625,95.7626943263627,1267562.60293437,1067710.83701412,59.6390443164579,40.1337933853912,-0.122807017543862,50.7478431743734,0.501804044306972,7.38818018237174,786548.623346561,683239.261908726,579929.90047089,786548.623346561,737327.267763993,717853.876030902,692225.279320165,678351.010106827,666713.363504331,652544.928532626,609682.619258348,599108.383546662,589053.781523275,579327.869115488,569862.199287832,551667.328947807,140.245068436162,60.8390939263045,32.6343098407128,49.4655129909339,8.82298610594838,684736.49534675,655290.815216496,670013.655281623,638396.128293991,81.3852251928911,75.9629416542344,57.2629521907233,74.4062486128309,40.1196557686157
2026-01-09,596054.304166667,618259.849467487,629117.890994624,691416.075084743,772835.259936129,731450.3,690065.340063871,76.6214606855872,50408.2749239547,34337.9695843779,159705.3125,27.3972610083426,0.273972610083426,1.27397261008343,127.397261008343,102.466337451348,91.306707494519,-82.4701277514516,0,92.8571428571429,92.8571428571429,30419.740671038,28946.587281586,23134.8959158224,107866876,22071129.8741182,740966.090529794,741381.989772345,740134.292044691,741381.989772345,1480268.58408938,28946.587281586,547589294031.683,1.03988995873453,861.759646015059,13.5179527977068,5.87077230667269,0.919374915300655,0.393382466711359,2.33710191251416,692526.562583452,743751.754791667,731871.487064179,573143.229668088,701463.261301793,642763.538445845,584063.815589897,0.174818720884702,-2595.19374999998,85.0220298341301,-1197315.37507589,932882.61611713,60.8366370099031,44.2743621102936,0.172413793103448,60.5771536613622,0.511312267193504,6.33287984218132,786548.623346561,684736.49534675,582924.367346939,765254.593974491,739978.477631997,726112.479853935,703426.258915683,690038.042360131,678392.797965203,663805.523403548,618259.849467487,607081.789321847,596545.289131895,586427.948175684,576637.394903996,557928.389883944,165.149991611587,77.9676357837205,35.0780908445588,46.1033687042527,9.16079704173822,687730.974861928,655290.818592518,671510.896727223,643133.988975284,79.7527189186402,77.2070033587262,57.9589279340656,75.9413479709587,39.9765078971725
2026-01-12,603552.966666667,626605.693856681,638896.351209677,714247.886667579,761897.882590752,742030.775,722163.667409248,77.1399083383572,52196.7614166941,37909.7279508412,160703.4375,27.380947817153,0.27380947817153,1.27380947817153,127.380947817153,93.7689781604981,91.504473914172,-83.817420523327,0,85.7142857142857,85.7142857142857,30171.9212975774,26950.2694425901,11106.0507723057,111196669,22194455.5407849,747287.718124166,747370.897968124,747121.358436248,748868.135159379,1494242.7168725,26950.2694425901,558008744975.868,1.03673469387755,864.650471288832,13.5246506916698,5.8736811650612,0.0741698586735449,-0.997245622735115,-0.0743747146967881,709507.842820003,761071.266539502,741587.457991935,578635.596764404,711177.985882143,652718.222224733,594258.458567322,0.152366922118754,698.6875,85.2813841079564,565510.594399529,956586.319402687,61.4700457583406,47.713498839903,0.0370370370370377,76.688644871344,0.521940098084838,6.51722252158295,786548.623346561,687730.974861928,588913.326377296,743960.564602422,743799.457565998,733281.79906929,713247.187489976,700507.568749198,689043.20404748,674282.387665605,626605.693856681,614889.491998411,603914.808564486,593436.317276741,583342.612260702,564147.801281192,187.110883251838,97.1171583674866,37.4104780394582,44.5797016670008,8.57632280197188,705198.750149843,655290.818592518,680244.784371181,643133.988975284,77.795007583902,78.2902165264101,58.6237609328509,77.4086208599531,39.8389010057487
2026-01-13,610007.722916667,633704.729736895,647482.659811828,722666.535230352,756822.797657788,744426.3625,732029.927342212,73.2892358629885,52127.2898777669,40753.2403362263,138744,23.2053444010191,0.232053444010191,1.23205344401019,123.205344401019,72.62572887652,84.5217632210928,-77.3755789049644,0,78.5714285714286,78.5714285714286,30155.6944859619,29944.7459349594,6929.81792287075,107424725,21942992.6074516,737306.188798555,737139.829098916,737638.908197832,740882.922340786,1475277.81639566,29944.7459349594,543886986935.012,1.0414364640884,858.277781373839,13.5098556032115,5.86725573978448,0.10439570376981,0.994535839994922,0.104969272671302,723268.451750971,772106.879001623,744359.940760542,584263.628135078,719305.469109322,660774.219041287,602242.968973252,0.203793775565755,-10081.36875,80.5907719231686,-752793.687367226,733774.53000045,60.9524999708704,50.3612990660965,-0.0666666666666682,80.3681780430034,0.51834881028684,6.3221309689535,786548.623346561,705198.750149843,623848.876953125,722666.535230352,740220.103782999,734401.449379527,718445.756936648,707077.238067525,696365.903424791,682077.182957404,633704.729736895,621653.450776277,610389.244732072,599662.596960361,589354.303936753,569803.307796563,207.570191746714,117.574221864821,38.9769041591499,41.4177121665834,10.5687279372574,709690.436385262,655290.818592518,682490.62748889,643133.988975284,75.9576489378265,78.2647327635558,59.4458825384866,78.3268510209656,40.5649140560076
2026-01-14,617061.375,640603.352011934,655910.121236559,722666.535230352,756822.797657788,744426.3625,732029.927342212,73.8013764122433,51797.3174198864,42962.0557529583,101812.125,15.9374981655667,0.159374981655667,1.15937498165567,115.937498165567,65.3117065024095,85.2646928241269,-77.7777891047223,0,71.4285714285714,71.4285714285714,29570.2506027713,21959.4801212938,6929.81792287075,112309776,23275279.2438152,738637.058625337,739136.137719003,737638.900438005,736890.281797507,1475277.80087601,21959.4801212938,543990592747.59,1.03021978021978,860.600589704655,13.5152610112586,5.86960327867176,0.232528313733745,-0.972589627392839,-0.239081630303903,736785.251234779,777876.150487013,743550.580619775,591329.927940181,725990.363149864,668189.727573101,610389.091996338,0.209799313445106,-5988.93125000002,77.8846721182178,-0.34882288983079,639148.41493638,60.3913419812778,52.3673076491328,0.272727272727278,74.9179619442825,0.538095479469618,5.46838872528343,786548.623346561,709690.436385262,632832.249423963,735143.499876625,740426.7393915,736478.757919684,723376.338728504,713178.35387343,703176.28366713,689396.706962729,640603.352011934,628263.446566484,616742.616940263,605791.761222954,595286.816527468,575404.293606512,223.472527698348,138.605212884149,40.4314426988637,39.2207371295629,10.0081167823527,716178.470785171,655290.818592518,685734.644688845,643133.988975284,74.1235043503201,77.9946293083744,60.2890365386302,79.1927531078454,41.3853199694149
2026-01-15,624081.754166667,647507.680107939,664333.28655914,725660.958694927,751460.820055589,743028.9375,734597.054944411,74.7150391751583,51505.8816774457,44670.8209378558,97819.5,15.0537640613976,0.150537640613976,1.15053764061398,115.053764061398,60.669173659299,85.6344671220944,-80.8823434833652,0,64.2857142857143,64.2857142857143,29097.9210549003,22957.6369325768,4713.56564314804,115313190,26017526.8090326,740633.330607477,742380.107330607,737139.777161215,738137.935288718,1474279.55432243,22957.6369325768,543243287799.904,1.03163686382393,864.650471288832,13.5246506916698,5.8736811650612,0.0741698586735449,-0.997245622735115,-0.0743747146967881,749429.9930906,780328.033322511,742612.718758153,595677.490186278,732295.485829462,675089.11833828,617882.750847097,0.233303181635612,-1297.63124999998,78.1991044516569,-38152.2193515492,495138.191779273,60.241472816644,53.942140682635,0.913043478260868,54.3710607865228,0.536817384760225,5.66006286803999,786548.623346561,716178.470785171,645808.318223781,747620.464522899,744023.58844575,740192.651113123,728763.916233281,719440.550896442,710013.845795264,696674.673279887,647507.680107939,634894.390507235,623126.900870007,611958.225408913,601260.684016587,581050.724553839,239.263705587544,159.563043423196,41.7223665031454,37.0104283884336,9.68913831381565,728156.368964947,655290.818592518,691723.593778733,643133.988975284,74.8816920248598,77.4250286692122,61.1661807731154,80.0368882850839,42.2954732611468
2026-01-16,630669.597916667,654417.349939684,672754.306451613,725660.958694927,757885.07629829,745424.5125,732963.94870171,75.6303026956795,51247.9647091238,45986.2496921094,78854.5,11.6691295054249,0.116691295054249,1.11669129505425,111.669129505425,72.5384620176809,86.142605797916,-83.8383824466699,0,57.1428571428571,57.1428571428571,28160.2502954988,15970.5304232804,6965.66692273724,119025516,26481567.5590326,753942.123732363,754108.483424273,753609.404348545,752860.785734954,1507218.80869709,15970.5304232804,567863369862.069,1.02141900937082,868.681508091429,13.533953108328,5.87772115328422,-0.148152985161572,-0.988964454865651,0.149806178000298,760969.158858949,780741.382724567,743884.996529386,601090.561287362,738542.030534763,682598.928375812,626655.82621686,0.280596799652083,6987.09999999998,78.5047273144354,708527.974254796,455441.215471627,60.222899568289,55.1982924597658,0.124999999999988,25.2133802039407,0.540670095131896,5.95486761446875,786548.623346561,728156.368964947,669764.114583333,760097.429169172,749315.575472875,744997.621575415,734506.948736996,725834.55300618,716874.417595993,703916.284432402,654417.349939684,641545.122284611,629540.591681226,618160.37049983,607274.287094368,586741.112683221,253.987508655012,180.310329950916,43.123903581508,38.8025472643859,9.29663805030377,728156.368964947,655290.818592518,691723.593778733,643133.988975284,75.8542672534226,76.7892754056058,62.037854367834,80.8989203561677,43.1767883795004
2026-01-19,637723.247916667,661396.41204035,681265.481586021,740273.998211319,767163.076666888,748418.9875,729674.898333112,76.6696937980772,51098.8706204486,47008.7738777773,67874.75,9.77011447719485,0.0977011447719485,1.09770114477195,109.770114477195,79.2923070130364,86.1583475541654,-85.2760613476117,0,50,50,27859.9320713252,23955.7951570681,10478.2643883698,122417524,27046902.2256992,761261.934991274,761594.654368456,760596.496236911,759348.79857248,1521192.99247382,23955.7951570681,578363560057.464,1.032,873.265602494453,13.5444795013677,5.88229270769572,0.505382376743548,-0.862895505421741,-0.585682013138476,772536.628448694,780550.303417208,748044.625034474,606079.747375176,745632.169858281,690090.64329157,634549.116724859,0.25793301902113,8783.77500000002,78.1991044516569,493457.981293996,420429.66956964,60.6452072009523,56.2876754080031,0.166666666666667,28.8279452950267,0.551887011183043,5.9115744459949,786548.623346561,728156.368964947,669764.114583333,772574.393815445,755954.193986438,750862.685216944,740748.251795441,732517.872914147,723908.016811994,711250.850440851,661396.41204035,648269.993963243,636030.943916288,624440.041891141,613365.209659295,592506.742185411,267.19669111324,199.904471385744,44.5873977211468,39.2343669839457,8.72564814873742,754607.579288457,655290.818592518,704949.198940487,643133.988975284,76.892413610421,76.1413682170779,62.8072457195927,81.8746810232976,43.7398104158878
2026-01-20,644410.90625,666572.86932807,687969.239784946,786548.623346561,765946.812371916,749417.1375,732887.462628084,68.4201908892877,48727.6082077208,47352.540743766,16968.6875,2.34159766546596,0.0234159766546596,1.02341597665466,102.341597665466,46.666638449992,81.1458392360568,-70.7792200659258,0,42.8571428571429,42.8571428571429,27794.9561985128,26950.2698519516,9240.36916489356,119655155,25512252.7812548,746622.290713324,745374.593034993,749117.686069987,750614.923283984,1498235.37213997,26950.2698519516,560995728321.578,1.03663500678426,861.180294711857,13.5166077680599,5.87018816771903,0.907014937859384,-0.421098447515467,-2.15392610257977,780170.14435523,777379.138170996,750999.962613185,609492.939256457,750934.08693626,695474.609712689,640015.132489119,0.232990316108488,-22059.3,53.9267393311233,-1119897.56465534,-8122.22693224432,59.6555899432928,56.961258315061,-0.555555555555555,-2.14115724761661,0.567961365719858,3.69888152604827,786548.623346561,754607.579288457,722666.535230352,749616.779002317,748792.846993219,747785.623477962,740944.529174232,734174.896020666,726634.706533226,715048.431635745,666572.86932807,653456.744298619,641182.190554518,629535.322678483,618395.260260891,597396.078507201,273.093182266388,217.454416707426,45.1340117101407,36.517078545053,11.4559641350457,754607.579288457,655290.818592518,704949.198940487,643133.988975284,72.910543912422,74.834368260972,63.4006637760004,82.0714279005321,44.7298996514686
2026-01-21,650932.20625,671222.172113355,694048.346639785,786548.623346561,766448.793962436,749017.875,731586.956037564,67.3060512482283,46075.608645524,47097.1543241176,-1996.3125,-0.269541255820394,-0.00269541255820394,0.997304587441796,99.7304587441796,21.6390458973447,73.01967808556,-65.9574698202028,0,35.7142857142857,35.7142857142857,27805.9185694685,27948.4293918918,9744.17992757408,114546713,24782475.3526834,739967.94009009,739635.220692568,740633.378885135,736890.285663007,1481266.75777027,27948.4293918918,548342523242.444,1.03846153846154,859.439970271339,13.5125619595351,5.86843109540189,-0.997885313803176,-0.0649992345796201,15.3522625344277,785250.46568715,771872.805679113,750632.178117533,615404.009231961,755193.416050213,699712.069748632,644230.723447051,0.262223584368304,-36233.1125,48.6339579361419,-464178.824571058,-200537.941099514,57.7368969830622,57.1163860486613,-0.142857142857142,-5.58092542379462,0.579208197776504,3.19486388403453,786548.623346561,754607.579288457,722666.535230352,726659.164189189,743714.954746609,744736.103151975,740431.758802181,734986.199016909,728481.222835806,717997.010493777,671222.172113355,658188.984198696,645936.08674698,634278.876583766,623110.625054582,602026.930441391,272.061096409542,232.100642037802,45.1057962668957,33.89534740339,12.9411630825305,747620.464522899,655290.818592518,701455.641557708,643133.988975284,67.7686336341906,73.2766899457318,63.9036151830687,82.2151261980605,45.5921041680768
2026-01-22,656854.6125,676537.479557655,700672.684139785,784153.044980266,767918.830882921,750215.675,732512.519117079,69.9416573398095,44667.1305424295,46611.14956778,-998.125,-0.132270739070417,-0.00132270739070417,0.998677292609296,99.8677292609296,97.3346179553121,72.9588848072894,-71.7949013996858,0,28.5714285714286,28.5714285714286,28172.5831371176,32939.2225165563,9896.36499262166,118092022,22526369.6254106,758267.509078366,757102.991183775,760596.54486755,759847.926221027,1521193.0897351,21959.4802980132,578386549370.715,1.02929427430093,868.106812264482,13.5326295253877,5.87714632851692,-0.867504928401285,-0.497428587034844,1.74397883638424,790260.615078302,766834.66023539,748706.045288777,619823.614865929,761289.979494383,705288.778256226,649287.577018068,0.195921752305342,-36532.55625,45.3489134043557,1236509.28614911,69887.0212588185,56.5718750463013,57.0074838481893,-0.636363636363638,-23.0255082282627,0.587939967288982,2.76355116678753,772574.393815445,747620.464522899,722666.535230352,750614.950086772,748662.196123305,747693.881267983,743360.13184614,738372.242377471,732347.102014913,722448.563869555,676537.479557655,663490.120493212,651188.445320298,639467.161840994,628228.225542637,606996.848705607,271.189873695245,243.882851158208,45.4391731282222,35.3668458082665,11.8603963910681,747620.464522899,655290.818592518,701455.641557708,643133.988975284,68.6038864095971,72.7332932529065,64.3613690998249,82.5502286465973,46.1725095530526
2026-01-23,663542.272916667,682282.630070064,707687.697043011,781853.289748623,774038.27045185,752411.625,730784.97954815,71.8937053039034,44010.0949284104,46090.938639906,22957.625,3.09139607349727,0.0309139607349727,1.03091396073497,103.091396073497,106.410354531152,72.7521574095378,-82.0512916751155,7.14285714285714,21.4285714285714,14.2857142857143,28441.7601471596,31941.0612777054,12089.6623389055,121600294,24061238.6254106,760929.241063668,762093.758922751,758600.205345502,758849.744886734,1517200.410691,31941.0612777054,575219213701.351,1.04301075268817,874.978464020687,13.5483985470139,5.88399472759416,0.0323704330601657,0.999475940212418,0.0323874059972729,795301.712492605,764121.48825487,749144.273190773,624390.213389387,766983.117256193,710587.869952173,654192.622648153,0.223468205974025,-31142.525,43.0303734079557,-181756.72526199,-13142.6809257947,55.6999121064735,56.7459694998461,0.4375,-17.5959713025702,0.610825065443537,2.49173221464908,774570.735984355,748618.635607353,722666.535230352,774570.735984355,757124.754311652,753658.358345322,748299.505324776,743320.436945203,737460.98055108,727840.90744836,682282.630070064,669162.186715812,656768.877865649,644950.646652255,633614.85640371,612196.536043128,268.257240866464,252.899113115389,45.3333595090376,32.5298338418259,12.6637406715168,748618.635607353,655290.818592518,701954.727099936,643133.988975284,71.1079579296335,72.415105254107,64.926344001072,82.9451578304851,46.907530171659
2026-01-26,668499.791666667,685660.807162318,712274.929435484,779645.524726246,769457.048346454,746821.9375,724186.826653546,60.8921688207919,40525.401413969,44977.8311947186,-12976.0625,-1.7356484452714,-0.017356484452714,0.982643515547286,98.2643515547286,-60.5632511367886,66.5719290742794,-18.7499189880247,0,14.2857142857143,14.2857142857143,28620.4156723625,30942.9375,12653.4116327284,118466964,20927908.6254106,740633.323709239,739136.086531929,743627.798063859,743378.258534307,1487255.59612772,17966.8461277174,552901600163.359,1.02445652173913,857.113980168332,13.5071418175675,5.86607715765423,0.977671416969772,-0.210139478538229,-4.65248807016484,794576.00120276,760275.59661526,749738.933523145,627498.858621835,770119.120427379,713449.34173856,656779.563049741,0.179138969576546,-78455.25625,6.02409184094934,-858533.69351712,-24891.5704980052,52.6701969584551,55.9308149915679,-1,-20.0545134471204,0.573850102496624,0.348756727165174,774570.735984355,748618.635607353,722666.535230352,753110.320804677,745884.564655826,747320.363896882,745265.03191927,741742.971136984,737027.656620145,728691.340892315,685660.807162318,672800.086064933,660567.68260391,648850.373971722,637576.798309447,616211.219287616,260.373669032882,258.766166147185,44.7661301959621,30.0177194345409,13.6786920787782,750115.847339641,655290.818592518,702703.33296608,643133.988975284,66.2006186604033,70.2529865773475,65.215195779601,82.8198906945836,47.6105008646185
2026-01-27,676318.695833333,692942.46476475,720663.749327957,726659.164189189,804152.635972758,758200.9375,712249.239027242,70.8199296889181,42429.4104677375,44468.1470493224,61885.75,8.40107610120673,0.0840107610120673,1.08401076101207,108.401076101207,180.935545626698,66.7022058727343,-100,28.5714285714286,100,71.4285714285714,31352.999865408,66876.594375,25687.7803666649,124127162,26588106.6254106,776234.301875,781807.35140625,765088.2028125,766335.90046875,1530176.405625,66876.594375,584241838364.062,1.09140518417462,893.603099815572,13.5905234333126,5.90228933326449,0.370081548386855,-0.928999272089913,-0.398365810937941,800562.230963872,762594.60260552,755764.315960288,636083.304362058,779952.810943433,719428.861751554,658904.912559676,0.233419349755141,-30543.65625,27.1028092073886,2535598.19550167,256841.601093612,53.0143046790421,55.3475129290628,1,5.04166046210635,0.586956651941171,1.8464939638479,798526.5,762093.729347463,725660.958694927,731649.905625,772205.532327913,764389.075931254,757100.913714988,752067.249112078,746489.017140122,737420.735780776,692942.46476475,679784.886839104,667297.381013476,655358.031625126,643888.55131692,622188.769474907,258.744715423439,262.68529811664,45.2242520185127,35.9047046420822,11.5946255074219,762093.729347463,667268.719938859,714681.224643161,649122.927302004,65.6017339846617,69.485810034461,65.8048190866847,83.0045192353398,48.6051189380295
2026-01-28,685302.11875,702394.628328314,731188.414112903,726659.164189189,852258.708283314,778363.725,704468.741716686,75.1687790240649,46702.2618862999,44914.9700167179,98817.625,13.3423132599176,0.133423132599176,1.13342313259918,113.342313259918,317.61194643981,67.2097103176367,-89.9999970558839,21.4285714285714,100,78.5714285714286,32963.5395811539,53900.5558858502,41308.5514544252,130835659,29876585.5469793,831133.015457788,833212.511593341,826974.023186682,825476.785969084,1653948.04637336,50906.0653983353,683238178151.983,1.06351183063512,916.215585983998,13.64050338572,5.92399535080083,-0.986549243343019,0.163464340023495,-6.03525663885604,809961.693885558,773039.869258658,770188.855915315,647760.854059969,792955.159901589,730067.35258072,667179.54525985,0.216323425971059,1696.86875000002,35.2697332611048,4696079.6422772,782867.363496806,54.4636759512785,55.1707455335059,0.490196078431371,22.2326200069786,0.616352371329733,2.57385701226416,852427.05588585,789044.007290388,725660.958694927,797528.346782637,805828.266163957,789409.717287503,775400.932889435,767955.203818973,760790.860657027,750174.518808179,702394.628328314,688655.226459153,675695.118525013,663362.073728381,651557.66695155,629312.121295402,256.137061115485,264.560115397522,46.4090754886286,43.3908373822868,10.2404090218464,789543.11003752,699209.777942925,744376.443990222,676073.205244929,73.2612638475408,69.2155152165246,66.304501038885,83.5803406745253,49.0286614032448
2026-01-29,695516.604166667,712524.922468423,742421.450806452,731689.879857056,891363.923212822,799524.675,707685.426787178,76.9717169477266,51110.2229762129,46154.0206086169,111793.75,14.9532763408437,0.149532763408437,1.14953276340844,114.953276340844,245.6517362463,76.1078588051891,-85.6249984231778,14.2857142857143,100,85.7142857142857,35243.3068458068,64880.281286295,51339.7005015863,137673642,31875380.5777485,853092.519066976,854672.936175232,849931.684850465,859164.647956591,1699863.36970093,64880.281286295,721331506187.802,1.07936507936508,927.045946811699,13.6640062587974,5.93420251888722,0.10101140761085,0.994885267522077,0.101530710030952,820364.675328425,790317.122104978,794374.071746173,659703.488264689,808015.480186676,741784.03510322,675552.590019765,0.215553389970096,14473.31875,46.9879748331514,2178273.25166175,946172.394319801,55.9324716967342,55.3230907661516,0.292307692307692,45.9168502386618,0.659664052914698,3.31366464875003,882371.825493612,804515.494841401,726659.164189189,863406.787940273,832621.226831978,812744.540691669,794070.545025116,784584.109942796,775963.68017133,763829.477394657,712524.922468423,698141.835405867,684657.024328671,671886.078674973,659708.90305149,636856.451334897,254.7155255173,264.641006159998,47.8237071821048,43.7541631610075,8.89385016099495,804515.494841401,724163.759514047,764339.627177724,691045.59004881,76.4929605621109,70.5093576486579,66.9512041670482,84.208614403823,49.6937939302733
2026-01-30,708126.66875,725092.717793041,756086.556989247,740730.796595249,944472.29270609,827872.3625,711272.43229391,80.6104173044816,57803.3060469286,48483.8776962793,152718.1875,20.2380939562874,0.202380939562874,1.20238093956287,120.238093956287,218.452383717272,78.2743842336836,-89.3719785529252,7.14285714285714,100,92.8571428571429,38287.0945699276,77856.3349834983,65181.3425281369,145548837,35308157.8854408,896013.291070774,898841.40580308,890357.061606161,885116.731366887,1780714.12321232,77856.3349834983,791220294927.691,1.09144196951934,952.536482240969,13.7182568156654,5.95776323637515,0.693168607326912,-0.720775472540839,-0.961698384218585,836214.236597559,816097.256482684,826967.382045367,675208.15278628,827178.041999191,756472.535671559,685767.029343926,0.204551260543707,47312.6875,54.794545516537,3996563.48131773,1335406.33876688,58.0639999010774,55.8712725931368,0.435897435897437,84.0224304844369,0.692160810096515,4.17125703305363,929285.22909791,827972.19664355,726659.164189189,929285.22909791,869973.488415989,844271.610461112,819238.368352868,806900.771771379,796173.229375741,781766.511470325,725092.717793041,709763.16399443,695518.913385809,682122.586123887,669419.367637706,645724.297192769,257.246484336575,263.535427629258,49.5302304545246,46.1510946185325,7.60202625075377,827972.19664355,754607.5647844,791289.880713975,714502.291850959,79.3156250463146,72.5146556199886,67.5786598835948,85.144342643618,50.0129771235715
2026-02-02,717409.539583333,731762.30051607,763850.723521505,755815.151195462,918984.868326678,846637.7375,774290.606673322,62.9737944496078,56098.0599508006,50006.7141471835,65878.4375,8.63874356277126,0.0863874356277126,1.08638743562771,108.638743562771,102.343687944712,72.9307696772439,-50.4901950546496,0,92.8571428571429,92.8571428571429,41184.7663863614,78854.5,40443.2756263808,137914646,27673966.8854408,847768.973895582,842944.542921687,857417.835843374,852926.124246988,1714835.67168675,57893.171686747,734327440390.346,1.06987951807229,910.203960659368,13.6273374139793,5.91827744192494,0.960910078281556,-0.276860653500879,-3.47073542639928,841091.862462233,836081.979864719,849561.497324371,684159.233520878,840223.115561288,765167.434550037,690111.753538786,0.0956757411949846,-39127.81875,25.5555458926947,-2497915.30276561,1182293.25675463,54.5184710348451,55.6007122814784,-1,93.8100217263046,0.551088877710657,2.22972006538831,929285.22909791,827972.19664355,726659.164189189,828471.25,849222.369207995,839004.823640742,821290.119830009,810822.676903855,801142.155625627,787604.603786534,731762.30051607,716358.057661406,702004.393220648,688485.571509805,675656.696357796,651716.000563498,250.816497841587,261.060240470947,50.1455661318067,39.839430973816,10.5440128581416,827972.19664355,756104.798222424,792038.497432987,714502.291850959,71.8922225900878,71.4488822716552,67.8368535391019,85.0324692787055,50.6412377994982
2026-02-03,729221.077083333,742960.180321485,775974.587903226,769692.757427658,933671.973638999,867998.325,802324.676361,69.8889052556742,60253.8842635117,52056.1481704492,163697.9375,22.0726786146489,0.220726786146489,1.22072678614649,122.072678614649,131.332488295385,73.4714645517732,-88.2352965339053,7.14285714285714,85.7142857142857,78.5714285714286,43732.8678944784,76858.1875,36712.6856718098,143187184,32946504.8854408,893351.539760198,896346.014195149,887362.590890298,888111.209499035,1774725.1817806,35933.6932194046,787089560134.445,1.04133180252583,951.488012273407,13.7160541757801,5.95680664202736,-0.827450267805617,-0.561539005153171,1.47354014629832,855765.179803379,858160.631285173,865428.167188846,692925.244068578,856364.160280741,777375.444570052,698386.728859364,0.101597277942951,35833.86875,38.1062317585842,2040811.54348511,1460625.51987198,55.0307810308875,55.4867260313602,1,82.3632336277706,0.507020391600869,3.76595614304074,929285.22909791,827972.19664355,726659.164189189,905329.4375,877275.903353997,861113.028260494,839965.523756673,828005.724284972,817170.968221684,802320.208000717,742960.180321485,726856.467652439,711922.688063543,697913.565683292,684663.470520235,660031.195217154,255.267447049482,259.19427943094,50.9133295693232,37.935853098558,9.2204027587249,830467.567361455,759099.277737603,794783.422549529,714502.291850959,66.2321735680337,71.1215743738172,68.2700367218885,85.0960706250754,51.4440028187015
2026-02-04,740966.070833333,752984.834010422,786885.635349462,782460.155161278,941766.623035389,879776.5875,817786.551964611,68.6339677479457,62265.8405283025,54098.0866420198,159705.25,21.6216133887812,0.216216133887812,1.21621613388781,121.621613388781,107.87466457333,74.0251862891188,-84.7290541758046,0,78.5714285714286,78.5714285714286,42320.22112523,23955.813125,34653.4833461892,139386421,34764261.1028321,894682.399375,895597.37765625,892852.4428125,891604.74515625,1785704.885625,22957.636875,797053721363.527,1.02604756511891,947.809217353366,13.708306468969,5.95344185571187,-0.682818339001515,-0.730588198592895,0.934614520624089,868815.656106387,878969.415836039,874792.736123468,698778.355671407,865982.396741511,788547.535503857,711112.674266203,0.133403852665809,26151.71875,34.8729762090687,331601.909741394,1360080.25582668,56.1672165311838,55.622824131325,0.478260869565218,62.9719037531986,0.498447304764337,3.56146236934817,929285.22909791,830467.567361455,731649.905625,866733.990440008,887809.107926999,873522.789673663,852938.143477413,840794.194869523,829658.867341425,814322.971063128,752984.834010422,736383.459032859,721016.328279956,706627.859023149,693043.032950814,667844.674472329,259.240436682143,257.866564207262,51.6262527613028,36.4019963258678,8.84759508305044,830467.567361455,776567.053025517,803517.310193486,714502.291850959,69.219333054007,72.3113720983991,68.7971797841461,84.8733479362652,52.7210116320269
2026-02-05,749683.31875,758627.695525878,793303.90094086,794206.161076208,944473.227266017,875983.5875,807493.947733983,59.1558006273081,58514.3223251806,54981.333778652,86839.75,11.5231770833549,0.115231770833549,1.11523177083355,111.523177083355,47.6838391812786,66.8531770331977,-56.1576435697309,21.4285714285714,71.4285714285714,50,43717.7594534074,61885.7577197149,38286.8725678216,133912701,30413355.4618065,850763.488692597,848184.913394448,855920.639288896,850430.769299287,1711841.27857779,38928.1690172208,732221290174.953,1.04653937947494,916.76015811116,13.6416917749171,5.92451146167146,-0.780855261605431,-0.624711981974985,1.24994442901,873199.902083394,890662.428614719,877054.937962218,704480.968765084,874224.558326718,794472.864378975,714721.170431232,0.0969628029068581,-28846.75,17.7686016702252,-2626527.27884815,1088439.083206,53.5716020068969,55.2125797064394,-0.794871794871798,65.2127530397027,0.444126164719446,1.9635412718597,929285.22909791,830467.567361455,731649.905625,828138.543380016,864129.147713499,862498.255615775,850162.819926877,840731.466256882,831318.91659659,817588.748117737,758627.695525878,742164.888392145,726842.321412641,712446.177652577,698823.666462547,673503.838833892,256.15899575288,256.522314750197,50.5316312018833,32.7213000387619,15.2918000553132,830467.567361455,781058.739260936,805763.153311196,714502.291850959,63.6053128980705,70.5511683490768,69.1983665093962,84.1100034861938,54.2867295325985
2026-02-06,758167.6625,763713.307911306,798966.569892473,929285.22909791,927670.872723742,862009.375,796347.877276258,58.7042186760721,54669.391284841,54918.9452798898,71867.375,9.38722126485083,0.0938722126485083,1.09387221264851,109.387221264851,12.4024008274205,60.3195150011864,-54.6797981595913,14.2857142857143,64.2857142857143,50,44801.5859799774,58891.3308253874,36705.8931036838,128331127,33913664.5804505,825144.070321812,828221.724616359,818988.761732718,819737.380344905,1637977.52346544,58891.3308253874,669875544632.894,1.07458912768647,915.125503687882,13.63812243674,5.92296131779713,0.327666412039789,0.944793481360329,0.346812735803395,876464.12614253,895249.334239719,871983.333794343,709799.328886587,879047.17394452,797393.931611626,715740.689278732,0.124662305686534,-38229.4625,15.6576230436958,-3896691.8993882,750865.94922032,49.9262207930383,54.1553079237592,0.627118644067799,69.3877112786999,0.389855116259,1.67096484114328,929285.22909791,830467.567361455,731649.905625,789543.096320024,850791.91760675,854150.399577184,847338.790498682,840135.688301085,832262.881350961,820071.99054052,763713.307911306,747458.766120359,732238.046587634,717881.330254639,704260.177091467,678879.276495076,253.329761951035,255.73965840777,48.0869286681034,29.6490221492292,21.3355774803927,830467.567361455,787546.773660846,809007.17051115,714502.291850959,58.4134877623446,68.0691503597716,69.4314916017043,83.7113401327232,55.1516430706854
2026-02-09,768115.972916667,771561.888852512,807172.934408602,929285.22909791,931095.381375223,873388.3875,815681.393624777,63.5046282955531,54855.9778910155,54906.3518021149,150721.9375,20.5163127397525,0.205163127397525,1.20516312739752,120.516312739752,79.3517544411377,64.7271890905239,-78.3251396518535,7.14285714285714,57.1428571428571,50,45879.2957851602,59889.5232525365,32259.1902705405,132559711,34238940.2727582,884700.873708192,884867.233406144,884368.154312289,887612.16842235,1768736.30862458,25952.112880496,781938654320.983,1.02978235967927,940.939058866195,13.6937567507813,5.94712299338973,0.453534629110447,-0.891238655017638,-0.508881236868559,885216.920423657,898233.703365801,865356.114749031,715041.425227327,889268.411019469,805708.878477966,722149.345936463,0.125599831141278,5489.90000000002,28.4585035506972,4012533.21746308,914969.840549365,49.2021595056502,53.1646782401374,0.0769230769230811,66.1382329193152,0.370157922722964,3.13289055640848,929285.22909791,830467.567361455,731649.905625,846438.122967375,868079.115053375,864555.703884789,855789.350943419,848359.438155434,840432.639989275,828233.780785455,771561.888852512,755120.296474783,739707.718095554,725163.286004437,711362.378480037,685649.343249336,257.872980449094,255.642798966176,46.6622619276191,34.4991908830215,19.3462307712418,859414.162708967,799524.671840622,829469.417274794,714502.291850959,60.734476515076,66.0487443356383,69.8078463650551,83.1802205341056,56.4354721960047
2026-02-10,777332.3,778195.738765253,814029.101478495,923695.543786794,915795.242764326,867199.8125,818604.382235674,61.7335803859439,53501.1471364112,54625.3108689742,75860.0625,9.50000563537967,0.0950000563537967,1.0950000563538,109.50000563538,70.6850769228999,65.5079282228377,-72.2222396112126,0,50,50,44669.8165944149,28946.587114726,27165.671366721,129118334,30797563.2727582,884035.424871575,881623.209278682,888859.856057363,886114.921072346,1777719.71211473,28946.587114726,789862367483.918,1.03310502283105,935.086393067507,13.6812778480457,5.94170347479144,-0.347030559127981,0.937853821782116,-0.370026278155535,892406.859025357,898548.58392316,862562.965433449,718935.5077759,895444.764188972,813168.549563071,730892.334937171,0.0926548171503947,-10580.4625,26.4591379015877,377812.241603177,435162.351585585,48.6951952973955,52.270781651589,-1,20.4211245197913,0.332855139012338,3.03895360109835,929285.22909791,859414.162708967,789543.096320024,903333.149614726,871232.838776687,867832.656756526,859922.064622659,853091.642581718,845656.32037554,834002.878499773,778195.738765253,761746.200142851,746277.4178226,731651.254547723,717755.483735722,691837.448798538,257.51283282887,255.795662489885,45.43332212514,33.8599929716691,18.4507597706992,859414.162708967,799524.671840622,829469.417274794,714502.291850959,62.3588691348793,63.2243629565044,70.1677175653347,82.4618100762233,57.8736250544461
2026-02-11,784652.125,783371.239490075,819260.307930108,918329.445888123,896528.062544754,859214.55,821901.037455246,59.1496001424561,50555.9653812492,53811.4417714292,18965,2.25921465338657,0.0225921465338657,1.02259214653387,102.259214653387,27.3949096564514,61.1160054571162,-64.1414156879583,21.4285714285714,42.8571428571429,21.4285714285714,43475.4339929866,27948.4601744186,20858.8876323402,125992744,30557133.2727582,859081.43875969,858915.079069767,859414.158139535,858915.079069767,1718828.31627907,25952.111627907,738424317186.199,1.03066037735849,926.507420369637,13.6628441094539,5.93369780384018,0.80764527270094,0.589668647194189,1.3696595139388,897844.979007592,895760.527911255,864600.039558527,722054.624830816,898498.455589083,817541.205677035,736583.955764988,0.0776270054110052,-42821,20.3883365299566,-2444908.12718592,-78524.4682863777,47.3099219485745,51.2786097109861,-0.0769230769230762,2.56299487873384,0.310043709514788,2.41070767728063,929285.22909791,859414.162708967,789543.096320024,846438.102325581,864824.419388344,864693.771171018,859587.383595402,854059.70756686,847619.348010073,837054.518687301,783371.239490075,767116.744579359,751747.592562961,737162.765219561,723271.582412752,697299.040641209,252.89208789092,255.593058309176,43.5130824135538,32.3051992159942,22.195363309,859414.162708967,825975.882164131,842695.022436549,726659.11809217,60.0641295994735,62.6692891954628,70.214512009537,82.385499044288,58.0435249747861
2026-02-12,792537.575,790015.961942329,825822.392607527,913177.9919054,905315.978057852,868397.6,831479.221942148,62.1364351135581,49901.855426279,53029.5245023992,26950.25,3.13588609450317,0.0313588609450317,1.03135886094503,103.135886094503,65.7664779836055,61.9975077307796,-78.2828338357272,14.2857142857143,35.7142857142857,21.4285714285714,42794.1448793467,33937.386402027,20638.0007390985,130612088,31711969.2727583,885033.559966216,885366.279349662,884368.121199324,883869.042124155,1768736.24239865,15970.5304054053,782043209333.265,1.01822323462415,941.469297162685,13.6948834740214,5.94761232307553,0.980342737048068,-0.197302098106187,-4.96873954437349,906152.117458715,893520.160516775,869358.550089627,727464.690937342,904272.174999319,823969.048942672,743665.922886024,0.0596766546249392,-32739.59375,22.7871855349435,862737.275642879,-426727.380028028,47.4478079499678,50.5124493587824,0.250000000000002,-19.7317526724342,0.262931056198342,2.82228153735792,929285.22909791,859414.162708967,789543.096320024,878008.339534884,875594.428444172,871917.326614012,865537.840018646,859933.294827431,853580.131008523,843218.258538889,790015.961942329,773741.616408283,758314.267925743,743649.794449145,729667.380651468,703497.906111989,250.279732295819,254.818974749092,42.0841080018455,33.807345996291,20.9380941463714,847436.266910012,825975.882164131,836706.074537071,726659.11809217,60.3035517013741,61.5304709946017,70.3302349796557,82.2410484935891,58.4194214657222
2026-02-13,799291.779166667,795716.815204114,831360.561155914,908232.596081984,896799.594015028,876582.5,856365.405984972,60.7692895959673,48183.6940037095,52060.3584026612,-28946.5625,-3.19031643265938,-0.0319031643265938,0.968096835673406,96.8096835673406,57.6766169099427,66.142988584843,-74.2424376860508,7.14285714285714,28.5714285714286,21.4285714285714,41519.8455444177,24953.9541903408,11301.699131277,127078041,28743369.7927582,885366.294673295,883619.517879972,888859.848259943,885865.373757102,1777719.69651989,24953.9541903408,789916154891.256,1.02847380410023,937.218857844847,13.6858336558092,5.94368203696373,0.639360090647683,-0.768907455086103,-0.831517611668997,912023.593751701,890451.538106061,872691.386641935,731283.88882392,908599.770851771,829816.405678921,751033.040506072,0.0237476179169508,-62088.2125,28.3464589251539,317161.461933582,-113941.072839228,46.6293758216113,49.7358346513482,-0.840000000000003,-33.9811292843101,0.25667661575439,3.4618339884293,905329.4375,847436.266910012,789543.096320024,909578.576744186,876986.807972086,874071.280242675,868391.47279228,863287.093495171,857395.37046875,847613.374659028,795716.815204114,779554.814802268,764171.093270829,749507.594147008,735499.216214155,709231.718616514,241.460831245008,253.779456238361,40.9137460810874,33.9014781453869,20.0392326916786,847436.266910012,825975.882164131,836706.074537071,726659.11809217,61.1796511694144,60.3722372284364,70.37697460821,82.1773443528451,58.5766048635749
2026-02-19,805879.622916667,801951.431965139,837364.535080645,789543.096320024,901178.445915202,877979.9125,854781.379084798,62.3312580470117,47403.2042110558,51128.9275643401,63882.125,7.71084391884449,0.0771084391884449,1.07710843918844,107.710843918844,78.3703720946369,65.3515478342489,-73.5714251931367,0,21.4285714285714,21.4285714285714,40906.941727966,32939.192114094,12968.3744236731,130363150,27035113.1127582,896678.72692953,895597.388947148,898841.402894295,898342.323825503,1797682.80578859,24953.9534395974,807760192608.919,1.02815315315315,944.64457601788,13.7016174934253,5.95053687054366,0.305333765085555,-0.952245394789956,-0.320646092652309,919931.162299979,889636.806417749,877193.197797798,735101.724652417,914322.361923644,836184.245798027,758046.129672411,-0.000123917963845822,-66775.36875,20.5240163926358,758206.95630014,-256452.693637558,46.3956273670406,49.0677931944867,-0.520000000000002,-38.8327664984044,0.257440556888927,2.29366633232949,911318.379614094,850430.737967059,789543.096320024,941148.813953488,884670.091486043,880165.31182845,873716.339949551,868571.871950594,862773.525012019,853205.874701649,801951.431965139,785821.40147992,770423.88750152,755718.280271052,741650.359695953,715235.707350398,243.286712305162,252.448263488992,40.0028990448067,33.6945068539736,18.886658252135,850430.737967059,825975.882164131,838203.310065595,726659.121468193,61.2954463998867,60.8705091379777,70.4011341942806,82.1549527341469,58.6473156544144
2026-02-20,813299.264583333,811325.666193195,846485.337634409,789543.096320024,951859.385338813,892553.0125,833246.639661187,67.7617333940267,50630.8843824975,51029.3189279716,41922.625,4.63064860850722,0.0463064860850722,1.04630648608507,104.630648608507,152.70981765286,64.845190055465,-96.3414630149792,50,100,50,43260.9959899832,73863.7013962067,33153.270291633,135417483,31269824.5451906,926623.461209168,931780.611531876,916309.160563751,917556.858222471,1832618.3211275,73863.7013962067,838258516137.06,1.08399545970488,973.268751424806,13.761320506234,5.97646555955948,-0.81597303725076,0.578089960542276,-1.41149837040127,933349.712312883,895896.464253247,888730.38001367,742826.04431437,926415.084867568,844797.504408612,763179.923949656,0.0590954177664575,NA,22.8813501986113,2552727.00979141,-9661.01585422305,48.6548506147662,48.9852046785426,0.837837837837833,-18.8512173702029,0.298737787154564,2.49187657456987,953241.011261855,871392.053790939,789543.096320024,972719.051162791,915961.076993021,902527.5620523,890057.611627429,882877.361141395,875770.223087093,864961.648176443,811325.666193195,794789.771536591,779049.652135593,764045.836020136,749713.171570622,722842.800961861,239.569099427265,250.262559349562,39.8261259152863,36.5071066736545,16.583299212121,871392.053790939,837953.773246104,854672.913518521,738637.012550165,65.0404776479121,62.2656629100271,70.3754362371048,82.1407466644014,58.6101258098082
2026-02-23,820253.1,820223.909503311,855256.252016129,796091.012917697,972658.092668465,910719.5,848780.907331535,67.9427207498777,52741.9584839689,51371.8468391711,50906.125,5.66667341520775,0.0566667341520775,1.05666673415208,105.666673415208,211.734419983088,63.3653276518853,-84.6560871758435,42.8571428571429,100,57.1428571428571,42951.5083736414,38928.1693611987,34624.7259093393,138941370,29553059.0836522,955570.106028742,953989.688896556,958730.940293113,961226.335764984,1917461.88058623,38928.1693611987,918786165282.862,1.04144527098831,974.293814770473,13.7634258320563,5.97737989094674,-0.48752654663274,-0.873108164163155,0.558380469503476,942779.287324955,906893.48889881,905869.246529151,748149.228169327,936776.79436361,855347.275991481,773917.757619353,0.0497745466082564,NA,19.8237889107997,4686308.68670884,802876.31365211,50.5422751117182,49.2966187651777,-0.487179487179486,-10.2285500815368,0.305832257531253,2.09152724552811,978195.024973712,883869.060646868,789543.096320024,1004289.28837209,932604.757246511,918101.187201533,903211.128488,894944.829570233,887074.563766002,875497.496841888,820223.909503311,803370.808534558,787352.031909466,772098.123041,757538.083960009,730265.936586062,234.787270606039,247.887923222135,40.0061563602601,38.2935839979808,15.5097339201026,883869.060646868,851927.991834319,867898.526240594,751114.019406094,68.0401631532166,62.9578481774465,70.3064646426295,82.0876125183289,58.52531676693
2026-02-24,828537.8125,832025.524212775,867055.983467742,807017.253641058,1023598.66331511,934076.4,844554.13668489,72.441257779955,58094.6409454183,52716.4056604205,162699.75,19.3586658681849,0.193586658681849,1.19358665868185,119.358665868185,210.735281123965,61.3731048565072,-100,35.7142857142857,100,64.2857142857143,44090.0671083245,58891.330659204,50044.4665680558,143043752,33655441.0836522,983518.493946932,988426.104835199,973703.272170398,975200.509390547,1947406.5443408,58891.330659204,947231015028.637,1.06236786469345,1001.57323122176,13.8186545479442,6.00136541749942,0.647345781366334,0.762196457186211,0.849316177296508,956591.286933023,926480.289315476,930888.186135527,755941.147206752,950801.234173348,867554.058653905,784306.883134463,0.115445704780782,NA,20.8695634419097,2149337.98784354,1474657.41223341,54.2948142917831,50.2962578704988,1,0.113341316171645,0.357712818441015,2.17335091063874,1003148.9375,896346.016910012,789543.096320024,1035859.5255814,967876.847373255,946450.437301022,925419.530490667,914618.303739281,904932.159725078,891453.926924152,832025.524212775,814469.593477082,797878.710230956,782143.810626174,767169.882138048,739212.920222584,237.400920402288,246.118051938941,40.489155997866,38.6827729455934,14.0299887897756,924793.519912791,864404.948097463,894599.234005127,763590.975669238,70.5168182583778,64.596505516741,70.2731551922492,82.0307742290257,58.5155361554727
2026-02-25,837654.322916667,843902.909747435,879158.38266129,822707.788349773,1050407.5698923,961625.5625,872843.555107701,73.4086870838685,62661.4183332158,54705.4081949796,178670.3125,21.3349229715787,0.213349229715787,1.21334922971579,121.334922971579,197.69028854552,71.510432910056,-91.9028341031475,28.5714285714286,100,71.4285714285714,43364.8749727453,33937.377210216,49630.6509270174,146506277,33044407.2601228,1018121.31630648,1017622.23722986,1019119.47445972,1016125,2038238.94891945,33937.377210216,1038316566830.09,1.03386454183267,1008.03025748238,13.8315069310489,6.00694713656111,0.913845273757351,-0.406062576004429,-2.25050356215881,968997.012372828,950955.601818182,958686.989098967,762695.780442636,964372.351942452,881893.79747796,799415.243013469,0.0932297552316231,NA,47.7157328137639,4451395.40811506,1523419.87786141,57.5342161608432,51.7438495285677,-0.176470588235285,-9.96233047985797,0.374005338081247,4.32732136591976,1036088.16306483,941263.132695207,846438.102325581,1067429.7627907,992000.923686628,969675.291534015,945576.301492741,933074.066695775,922038.750536605,907037.811058633,843902.909747435,825672.671617244,808524.870707494,792316.90581634,776932.827936556,748292.00480545,237.482932315775,243.852491035239,41.3114363994383,41.9459977528657,13.245711813733,941263.132695207,881373.663627011,911318.398161109,780060.588451654,73.405468424127,66.7696592702046,70.2033710432578,81.8851564845442,58.5215856019714
2026-02-26,849366.975,860360.786537923,896019.394086021,844045.825821279,1113897.54165389,1002954.8875,892012.233346114,78.5804200400117,72136.3986987754,58191.6062957387,213633.6875,24.1294122538686,0.241294122538686,1.24129412253869,124.129412253869,194.810679548111,71.5539248615057,-100,21.4285714285714,100,78.5714285714286,46187.0267604064,82875,62018.8290730846,150968253,37506383.2601228,1073666.66666667,1080000,1061000,1061250,2122000,76000,1.124277e+12,1.07429130009775,1048.33200847823,13.9099112333858,6.04099769242349,0.979276299771895,-0.20252883425593,-4.83524384747315,992294.07609071,984555.862175325,993292.390305416,773851.99841756,986800.006999104,900157.880257837,813515.75351657,0.169715678837313,NA,48.5035905031087,7133431.3341464,2274044.22147733,62.1374422811796,53.8225680790901,1,13.0086663033616,0.438194129269482,4.19318098791376,1099000,972719.051162791,846438.102325581,1099000,1045500.46184331,1012783.52768934,979670.456716576,963242.418205634,949263.558146358,931033.084676304,860360.786537923,840857.523194064,822694.389209568,805650.953389543,789562.913115515,759790.627598714,246.802683620742,242.662474456558,42.6516220647605,46.2992751136874,11.5480514776452,972719.051162791,912829.582094595,942774.316628693,811516.506919238,76.6010568148972,69.2529355491761,70.2014140428277,81.879196889971,58.5236311956844
2026-02-27,860178.95,873305.251922573,909673.137634409,874640.326722726,1127935.79056795,1025704.475,923473.15943205,71.6950075268932,75706.4101111225,61694.5670588155,186613.4375,21.3422124153469,0.213422124153469,1.21342212415347,121.342212415347,142.790466015158,61.0532731977632,-87.7204226022705,14.2857142857143,92.8571428571429,78.5714285714286,46530.8105632345,51000,57149.0427597921,144515191,34548729.8434561,1068333.33333333,1066500,1072000,1063750,2144000,48000,1.148608e+12,1.04580152671756,1030.04854254545,13.8747224175961,6.02571538390134,0.614789404747445,-0.788691313385841,-0.779505738573641,1009249.27481066,1017857.70705898,1025449.84697198,787358.952492172,1003584.61047875,916174.590074551,828764.569670347,0.0808376507063241,NA,37.8006395187124,818216.220454724,2636613.5934374,64.5235834749268,55.9627711582574,-0.458333333333333,20.0727638394674,0.422438090144966,3.49569856039691,1099000,972719.051162791,846438.102325581,NA,1053250.23092166,1028855.68512623,997743.688557337,981016.523986428,966453.779969995,947278.949091766,873305.251922573,853087.660794394,834319.053150564,816753.085850867,800207.504758043,769666.344726625,247.58011566732,242.072255320602,43.8960801825597,42.6745446800526,10.6439644581958,987691.427998311,912829.582094595,950260.505046453,811516.506919238,75.6077429630184,70.8919712112343,69.9407085167817,81.2447812454609,58.6366357881024
